<TICKER>;<PER>;<DATE>;<TIME>;<OPEN>;<HIGH>;<LOW>;<CLOSE>;<VOL>
USDCNY;D;20180101;000000;6.5062000;6.5062000;6.5062000;6.5062000;1052
USDCNY;D;20180102;000000;6.5066000;6.5066000;6.4895000;6.4910000;2197
USDCNY;D;20180103;000000;6.4909000;6.5105000;6.4909000;6.5009000;2161
USDCNY;D;20180104;000000;6.5009000;6.5092000;6.4907000;6.4914000;2143
USDCNY;D;20180105;000000;6.4914000;6.4933000;6.4780000;6.4874000;2078
USDCNY;D;20180106;000000;6.4874000;6.4874000;6.4870000;6.4874000;4
USDCNY;D;20180107;000000;6.4874000;6.4874000;6.4874000;6.4874000;2
USDCNY;D;20180108;000000;6.4875000;6.4986000;6.4739000;6.4969000;2224
USDCNY;D;20180109;000000;6.4969000;6.5295000;6.4969000;6.5262000;2410
USDCNY;D;20180110;000000;6.5262000;6.5345000;6.5004000;6.5054000;2155
USDCNY;D;20180111;000000;6.5054000;6.5175000;6.4913000;6.4955000;2424
USDCNY;D;20180112;000000;6.4955000;6.5045000;6.4533000;6.4606000;1989
USDCNY;D;20180113;000000;6.4606000;6.4606000;6.4600000;6.4606000;5
USDCNY;D;20180114;000000;6.4606000;6.4606000;6.4606000;6.4606000;2
USDCNY;D;20180115;000000;6.4589000;6.4667000;6.4167000;6.4349000;2348
USDCNY;D;20180116;000000;6.4349000;6.4431000;6.4220000;6.4394000;2337
USDCNY;D;20180117;000000;6.4394000;6.4415000;6.4185000;6.4329000;2242
USDCNY;D;20180118;000000;6.4329000;6.4409000;6.4149000;6.4174000;2256
USDCNY;D;20180119;000000;6.4174000;6.4178000;6.3875000;6.3989000;2036
USDCNY;D;20180120;000000;6.3989000;6.3989000;6.3989000;6.3989000;3
USDCNY;D;20180122;000000;6.3989000;6.4138000;6.3980000;6.4034000;2071
USDCNY;D;20180123;000000;6.4035000;6.4090000;6.3900000;6.3999000;1994
USDCNY;D;20180124;000000;6.3999000;6.4017000;6.3641000;6.3649000;2161
USDCNY;D;20180125;000000;6.3649000;6.3650000;6.3135000;6.3188000;2197
USDCNY;D;20180126;000000;6.3188000;6.3340000;6.3115000;6.3198000;1685
USDCNY;D;20180127;000000;6.3198000;6.3198000;6.3180000;6.3198000;11
USDCNY;D;20180128;000000;6.3198000;6.3198000;6.3198000;6.3198000;4
USDCNY;D;20180129;000000;6.3198000;6.3350000;6.3198000;6.3328000;1512
USDCNY;D;20180130;000000;6.3327000;6.3436000;6.3155000;6.3198000;2218
USDCNY;D;20180131;000000;6.3198000;6.3305000;6.2834000;6.2840000;1818
USDCNY;D;20180201;000000;6.2840000;6.3070000;6.2840000;6.2968000;2203
USDCNY;D;20180202;000000;6.2968000;6.3011000;6.2676000;6.2983000;2154
USDCNY;D;20180203;000000;6.2983000;6.2983000;6.2980000;6.2983000;6
USDCNY;D;20180205;000000;6.2983000;6.3095000;6.2816000;6.2849000;1610
USDCNY;D;20180206;000000;6.2849000;6.3007000;6.2685000;6.2829000;2006
USDCNY;D;20180207;000000;6.2829000;6.2882000;6.2512000;6.2648000;1561
USDCNY;D;20180208;000000;6.2640000;6.3400000;6.2640000;6.3221000;1628
USDCNY;D;20180209;000000;6.3221000;6.3315000;6.2821000;6.2962000;1451
USDCNY;D;20180210;000000;6.2950000;6.2965000;6.2950000;6.2965000;6
USDCNY;D;20180211;000000;6.2965000;6.2965000;6.2965000;6.2965000;2
USDCNY;D;20180212;000000;6.2962000;6.3303000;6.2849000;6.3249000;1892
USDCNY;D;20180213;000000;6.3249000;6.3475000;6.3209000;6.3379000;1854
USDCNY;D;20180214;000000;6.3379000;6.3530000;6.3295000;6.3430000;1803
USDCNY;D;20180215;000000;6.3437000;6.3440000;6.3347000;6.3430000;1086
USDCNY;D;20180216;000000;6.3437000;6.3438000;6.3347000;6.3437000;1083
USDCNY;D;20180217;000000;6.3435000;6.3437000;6.3435000;6.3437000;3
USDCNY;D;20180219;000000;6.3347000;6.3481000;6.3347000;6.3437000;1064
USDCNY;D;20180220;000000;6.3437000;6.3438000;6.3383000;6.3437000;1076
USDCNY;D;20180221;000000;6.3437000;6.3440000;6.3347000;6.3375000;1078
USDCNY;D;20180222;000000;6.3370000;6.3625000;6.3347000;6.3470000;2102
USDCNY;D;20180223;000000;6.3501000;6.3501000;6.3309000;6.3328000;2255
USDCNY;D;20180224;000000;6.3328000;6.3328000;6.3328000;6.3328000;2
USDCNY;D;20180226;000000;6.3348000;6.3372000;6.3031000;6.3114000;2118
USDCNY;D;20180227;000000;6.3114000;6.3171000;6.2932000;6.3168000;2263
USDCNY;D;20180228;000000;6.3160000;6.3338000;6.3160000;6.3279000;2490
USDCNY;D;20180301;000000;6.3279000;6.3584000;6.3277000;6.3564000;2725
USDCNY;D;20180302;000000;6.3564000;6.3600000;6.3379000;6.3427000;2197
USDCNY;D;20180303;000000;6.3400000;6.3427000;6.3400000;6.3427000;2
USDCNY;D;20180304;000000;6.3427000;6.3427000;6.3427000;6.3427000;1
USDCNY;D;20180305;000000;6.3429000;6.3491000;6.3276000;6.3465000;2106
USDCNY;D;20180306;000000;6.3490000;6.3495000;6.3090000;6.3092000;2164
USDCNY;D;20180307;000000;6.3092000;6.3302000;6.3090000;6.3224000;2326
USDCNY;D;20180308;000000;6.3224000;6.3390000;6.3224000;6.3388000;2477
USDCNY;D;20180309;000000;6.3388000;6.3515000;6.3275000;6.3284000;2033
USDCNY;D;20180310;000000;6.3284000;6.3284000;6.3270000;6.3270000;6
USDCNY;D;20180312;000000;6.3301000;6.3327000;6.3210000;6.3260000;1931
USDCNY;D;20180313;000000;6.3269000;6.3325000;6.3170000;6.3179000;2082
USDCNY;D;20180314;000000;6.3191000;6.3220000;6.3059000;6.3140000;1870
USDCNY;D;20180315;000000;6.3139000;6.3224000;6.3051000;6.3201000;2199
USDCNY;D;20180316;000000;6.3201000;6.3326000;6.3201000;6.3315000;1811
USDCNY;D;20180317;000000;6.3299000;6.3299000;6.3299000;6.3299000;2
USDCNY;D;20180318;000000;6.3299000;6.3299000;6.3299000;6.3299000;1
USDCNY;D;20180319;000000;6.3325000;6.3365000;6.3270000;6.3290000;1979
USDCNY;D;20180320;000000;6.3290000;6.3330000;6.3221000;6.3327000;2021
USDCNY;D;20180321;000000;6.3320000;6.3340000;6.3199000;6.3200000;2184
USDCNY;D;20180322;000000;6.3199000;6.3320000;6.3095000;6.3309000;2157
USDCNY;D;20180323;000000;6.3309000;6.3331000;6.3109000;6.3109000;2027
USDCNY;D;20180324;000000;6.3109000;6.3109000;6.3109000;6.3109000;2
USDCNY;D;20180325;000000;6.3109000;6.3135000;6.3109000;6.3135000;2
USDCNY;D;20180326;000000;6.3159000;6.3159000;6.2680000;6.2684000;2225
USDCNY;D;20180327;000000;6.2705000;6.2815000;6.2409000;6.2780000;2252
USDCNY;D;20180328;000000;6.2780000;6.2976000;6.2671000;6.2945000;2400
USDCNY;D;20180329;000000;6.2945000;6.3040000;6.2809000;6.2875000;2141
USDCNY;D;20180330;000000;6.2875000;6.2875000;6.2632000;6.2728000;1601
USDCNY;D;20180331;000000;6.2728000;6.2728000;6.2725000;6.2728000;93
USDCNY;D;20180401;000000;6.2725000;6.2725000;6.2725000;6.2725000;5
USDCNY;D;20180402;000000;6.2725000;6.2815000;6.2672000;6.2784000;1375
USDCNY;D;20180403;000000;6.2784000;6.2896000;6.2784000;6.2880000;2289
USDCNY;D;20180404;000000;6.2898000;6.3091000;6.2843000;6.3044000;2325
USDCNY;D;20180405;000000;6.3051000;6.3051000;6.3020000;6.3044000;1077
USDCNY;D;20180406;000000;6.3051000;6.3051000;6.3007000;6.3044000;1068
USDCNY;D;20180407;000000;6.3044000;6.3044000;6.3044000;6.3044000;2
USDCNY;D;20180408;000000;6.3044000;6.3044000;6.3044000;6.3044000;3
USDCNY;D;20180409;000000;6.3045000;6.3167000;6.2939000;6.3034000;2361
USDCNY;D;20180410;000000;6.3045000;6.3067000;6.2780000;6.2780000;2376
USDCNY;D;20180411;000000;6.2807000;6.2875000;6.2644000;6.2654000;2314
USDCNY;D;20180412;000000;6.2665000;6.2903000;6.2654000;6.2875000;2369
USDCNY;D;20180413;000000;6.2890000;6.2927000;6.2700000;6.2724000;2194
USDCNY;D;20180414;000000;6.2724000;6.2724000;6.2724000;6.2724000;2
USDCNY;D;20180416;000000;6.2725000;6.2861000;6.2724000;6.2751000;1868
USDCNY;D;20180417;000000;6.2764000;6.2848000;6.2712000;6.2800000;2222
USDCNY;D;20180418;000000;6.2825000;6.2896000;6.2698000;6.2721000;2333
USDCNY;D;20180419;000000;6.2743000;6.2804000;6.2606000;6.2764000;2195
USDCNY;D;20180420;000000;6.2766000;6.2965000;6.2764000;6.2944000;2140
USDCNY;D;20180423;000000;6.2945000;6.3160000;6.2882000;6.3157000;2789
USDCNY;D;20180424;000000;6.3157000;6.3196000;6.3024000;6.3034000;2576
USDCNY;D;20180425;000000;6.3034000;6.3268000;6.3003000;6.3235000;2447
USDCNY;D;20180426;000000;6.3241000;6.3343000;6.3187000;6.3339000;2481
USDCNY;D;20180427;000000;6.3339000;6.3464000;6.3273000;6.3324000;2179
USDCNY;D;20180428;000000;6.3324000;6.3324000;6.3324000;6.3324000;1
USDCNY;D;20180429;000000;6.3324000;6.3324000;6.3324000;6.3324000;3
USDCNY;D;20180430;000000;6.3325000;6.3332000;6.3020000;6.3324000;1157
USDCNY;D;20180501;000000;6.3324000;6.3325000;6.3324000;6.3324000;645
USDCNY;D;20180502;000000;6.3325000;6.3643000;6.3325000;6.3609000;2034
USDCNY;D;20180503;000000;6.3624000;6.3694000;6.3454000;6.3519000;2254
USDCNY;D;20180504;000000;6.3519000;6.3631000;6.3410000;6.3588000;2190
USDCNY;D;20180505;000000;6.3588000;6.3588000;6.3588000;6.3588000;2
USDCNY;D;20180506;000000;6.3588000;6.3588000;6.3588000;6.3588000;1
USDCNY;D;20180507;000000;6.3602000;6.3665000;6.3459000;6.3639000;2296
USDCNY;D;20180508;000000;6.3639000;6.3690000;6.3588000;6.3689000;2065
USDCNY;D;20180509;000000;6.3690000;6.3821000;6.3567000;6.3584000;1894
USDCNY;D;20180510;000000;6.3599000;6.3689000;6.3395000;6.3439000;2220
USDCNY;D;20180511;000000;6.3467000;6.3482000;6.3246000;6.3332000;2776
USDCNY;D;20180512;000000;6.3313000;6.3332000;6.3313000;6.3332000;3
USDCNY;D;20180513;000000;6.3332000;6.3332000;6.3332000;6.3332000;1
USDCNY;D;20180514;000000;6.3335000;6.3405000;6.3271000;6.3359000;3106
USDCNY;D;20180515;000000;6.3368000;6.3786000;6.3359000;6.3759000;3149
USDCNY;D;20180516;000000;6.3777000;6.3794000;6.3637000;6.3705000;3287
USDCNY;D;20180517;000000;6.3714000;6.3714000;6.3546000;6.3644000;2976
USDCNY;D;20180518;000000;6.3646000;6.3785000;6.3644000;6.3767000;2881
USDCNY;D;20180519;000000;6.3767000;6.3767000;6.3767000;6.3767000;5
USDCNY;D;20180521;000000;6.3775000;6.3926000;6.3754000;6.3814000;2277
USDCNY;D;20180522;000000;6.3834000;6.3834000;6.3640000;6.3659000;3258
USDCNY;D;20180523;000000;6.3659000;6.3903000;6.3659000;6.3850000;3207
USDCNY;D;20180524;000000;6.3884000;6.3946000;6.3747000;6.3756000;1500
USDCNY;D;20180525;000000;6.3758000;6.3914000;6.3750000;6.3900000;2316
USDCNY;D;20180526;000000;6.3890000;6.3902000;6.3890000;6.3902000;4
USDCNY;D;20180527;000000;6.3902000;6.3902000;6.3902000;6.3902000;4
USDCNY;D;20180528;000000;6.3903000;6.3993000;6.3874000;6.3979000;2805
USDCNY;D;20180529;000000;6.3992000;6.4215000;6.3979000;6.4161000;3387
USDCNY;D;20180530;000000;6.4175000;6.4329000;6.4145000;6.4174000;3184
USDCNY;D;20180531;000000;6.4189000;6.4189000;6.3987000;6.4085000;3363
USDCNY;D;20180601;000000;6.4095000;6.4193000;6.4070000;6.4179000;2590
USDCNY;D;20180602;000000;6.4179000;6.4179000;6.4179000;6.4179000;1
USDCNY;D;20180603;000000;6.4179000;6.4179000;6.4179000;6.4179000;1
USDCNY;D;20180604;000000;6.4180000;6.4228000;6.4010000;6.4049000;2875
USDCNY;D;20180605;000000;6.4055000;6.4125000;6.3985000;6.4035000;2034
USDCNY;D;20180606;000000;6.4060000;6.4060000;6.3827000;6.3849000;2001
USDCNY;D;20180607;000000;6.3849000;6.3955000;6.3849000;6.3889000;3113
USDCNY;D;20180608;000000;6.3896000;6.4112000;6.3889000;6.4030000;2901
USDCNY;D;20180609;000000;6.4030000;6.4030000;6.4030000;6.4030000;3
USDCNY;D;20180610;000000;6.4030000;6.4030000;6.4030000;6.4030000;2
USDCNY;D;20180611;000000;6.4042000;6.4082000;6.3994000;6.3999000;3023
USDCNY;D;20180612;000000;6.3999000;6.4086000;6.3986000;6.3991000;2870
USDCNY;D;20180613;000000;6.4003000;6.4100000;6.3928000;6.3940000;2516
USDCNY;D;20180614;000000;6.3943000;6.4010000;6.3890000;6.3979000;3345
USDCNY;D;20180615;000000;6.3992000;6.4380000;6.3979000;6.4380000;3327
USDCNY;D;20180618;000000;6.4379000;6.4393000;6.4370000;6.4378000;1074
USDCNY;D;20180619;000000;6.4378000;6.4802000;6.4363000;6.4801000;2606
USDCNY;D;20180620;000000;6.4801000;6.4829000;6.4626000;6.4712000;3169
USDCNY;D;20180621;000000;6.4737000;6.5060000;6.4712000;6.4899000;3995
USDCNY;D;20180622;000000;6.4907000;6.5065000;6.4869000;6.5026000;3767
USDCNY;D;20180623;000000;6.5026000;6.5026000;6.5026000;6.5026000;2
USDCNY;D;20180624;000000;6.5026000;6.5026000;6.5026000;6.5026000;1
USDCNY;D;20180625;000000;6.5028000;6.5434000;6.4998000;6.5359000;3766
USDCNY;D;20180626;000000;6.5385000;6.5796000;6.5334000;6.5758000;3520
USDCNY;D;20180627;000000;6.5768000;6.6145000;6.5717000;6.5991000;3116
USDCNY;D;20180628;000000;6.6058000;6.6300000;6.5991000;6.6234000;3647
USDCNY;D;20180629;000000;6.6246000;6.6390000;6.6045000;6.6170000;3485
USDCNY;D;20180630;000000;6.6170000;6.6170000;6.6170000;6.6170000;2
USDCNY;D;20180701;000000;6.6170000;6.6170000;6.6170000;6.6170000;1
USDCNY;D;20180702;000000;6.6185000;6.6660000;6.6170000;6.6631000;3042
USDCNY;D;20180703;000000;6.6655000;6.7167000;6.6352000;6.6367000;2227
USDCNY;D;20180704;000000;6.6400000;6.6400000;6.6004000;6.6289000;3478
USDCNY;D;20180705;000000;6.6300000;6.6447000;6.6268000;6.6340000;3204
USDCNY;D;20180706;000000;6.6346000;6.6645000;6.6340000;6.6395000;4308
USDCNY;D;20180709;000000;6.6411000;6.6411000;6.6107000;6.6120000;2590
USDCNY;D;20180710;000000;6.6122000;6.6350000;6.5979000;6.6295000;4527
USDCNY;D;20180711;000000;6.6315000;6.6783000;6.6295000;6.6764000;4487
USDCNY;D;20180712;000000;6.6801000;6.7020000;6.6594000;6.6630000;3961
USDCNY;D;20180713;000000;6.6629000;6.7037000;6.6505000;6.6899000;4458
USDCNY;D;20180714;000000;6.6899000;6.6899000;6.6899000;6.6899000;1
USDCNY;D;20180716;000000;6.6900000;6.7041000;6.6705000;6.6866000;4837
USDCNY;D;20180717;000000;6.6886000;6.7033000;6.6712000;6.7017000;5197
USDCNY;D;20180718;000000;6.7040000;6.7196000;6.6949000;6.7160000;5002
USDCNY;D;20180719;000000;6.7164000;6.7870000;6.7160000;6.7700000;5079
USDCNY;D;20180720;000000;6.7726000;6.8105000;6.7649000;6.7658000;5059
USDCNY;D;20180721;000000;6.7658000;6.7658000;6.7658000;6.7658000;1
USDCNY;D;20180723;000000;6.7684000;6.7961000;6.7402000;6.7926000;4989
USDCNY;D;20180724;000000;6.7926000;6.8245000;6.7910000;6.7911000;4907
USDCNY;D;20180725;000000;6.7911000;6.8048000;6.7533000;6.7657000;4871
USDCNY;D;20180726;000000;6.7672000;6.7895000;6.7359000;6.7864000;4904
USDCNY;D;20180727;000000;6.7903000;6.8368000;6.7864000;6.8096000;5092
USDCNY;D;20180728;000000;6.8096000;6.8096000;6.8096000;6.8096000;2
USDCNY;D;20180730;000000;6.8112000;6.8388000;6.8096000;6.8101000;4643
USDCNY;D;20180731;000000;6.8130000;6.8360000;6.8037000;6.8038000;4951
USDCNY;D;20180801;000000;6.8102000;6.8296000;6.7884000;6.8150000;5022
USDCNY;D;20180802;000000;6.8205000;6.8465000;6.8044000;6.8379000;5029
USDCNY;D;20180803;000000;6.8403000;6.8925000;6.8263000;6.8308000;4008
USDCNY;D;20180804;000000;6.8308000;6.8308000;6.8308000;6.8308000;3
USDCNY;D;20180806;000000;6.8331000;6.8505000;6.7974000;6.8505000;4329
USDCNY;D;20180807;000000;6.8500000;6.8619000;6.8184000;6.8280000;4723
USDCNY;D;20180808;000000;6.8289000;6.8399000;6.7987000;6.8340000;4464
USDCNY;D;20180809;000000;6.8357000;6.8369000;6.8118000;6.8190000;4004
USDCNY;D;20180810;000000;6.8198000;6.8595000;6.8198000;6.8457000;4136
USDCNY;D;20180811;000000;6.8457000;6.8457000;6.8457000;6.8457000;1
USDCNY;D;20180813;000000;6.8458000;6.8880000;6.8457000;6.8879000;6318
USDCNY;D;20180814;000000;6.8887000;6.8938000;6.8764000;6.8808000;6312
USDCNY;D;20180815;000000;6.8808000;6.9330000;6.8808000;6.9320000;2993
USDCNY;D;20180816;000000;6.9347000;6.9347000;6.8782000;6.8790000;3576
USDCNY;D;20180817;000000;6.8828000;6.8931000;6.8651000;6.8739000;3500
USDCNY;D;20180818;000000;6.8739000;6.8739000;6.8739000;6.8739000;2
USDCNY;D;20180820;000000;6.8750000;6.8774000;6.8434000;6.8545000;3176
USDCNY;D;20180821;000000;6.8545000;6.8546000;6.8309000;6.8440000;3543
USDCNY;D;20180822;000000;6.8443000;6.8471000;6.8344000;6.8400000;3580
USDCNY;D;20180823;000000;6.8417000;6.8768000;6.8399000;6.8745000;3601
USDCNY;D;20180824;000000;6.8753000;6.8906000;6.8020000;6.8020000;3497
USDCNY;D;20180825;000000;6.8029000;6.8029000;6.8029000;6.8029000;2
USDCNY;D;20180827;000000;6.8100000;6.8253000;6.8029000;6.8144000;3348
USDCNY;D;20180828;000000;6.8156000;6.8201000;6.7971000;6.8017000;3545
USDCNY;D;20180829;000000;6.8030000;6.8275000;6.7989000;6.8189000;3485
USDCNY;D;20180830;000000;6.8212000;6.8415000;6.8185000;6.8414000;3650
USDCNY;D;20180831;000000;6.8420000;6.8470000;6.8214000;6.8299000;3288
USDCNY;D;20180901;000000;6.8299000;6.8299000;6.8299000;6.8299000;1
USDCNY;D;20180903;000000;6.8300000;6.8441000;6.8145000;6.8199000;3289
USDCNY;D;20180904;000000;6.8203000;6.8437000;6.8064000;6.8426000;1513
USDCNY;D;20180905;000000;6.8442000;6.8442000;6.8255000;6.8269000;3517
USDCNY;D;20180906;000000;6.8280000;6.8390000;6.8205000;6.8321000;1672
USDCNY;D;20180907;000000;6.8330000;6.8479000;6.8215000;6.8418000;3243
USDCNY;D;20180909;000000;6.8418000;6.8418000;6.8418000;6.8418000;1
USDCNY;D;20180910;000000;6.8419000;6.8656000;6.8418000;6.8544000;3349
USDCNY;D;20180911;000000;6.8544000;6.8764000;6.8544000;6.8703000;3843
USDCNY;D;20180912;000000;6.8703000;6.8792000;6.8573000;6.8573000;3028
USDCNY;D;20180913;000000;6.8492000;6.8500000;6.8241000;6.8406000;3655
USDCNY;D;20180914;000000;6.8422000;6.8673000;6.8406000;6.8672000;3760
USDCNY;D;20180915;000000;6.8672000;6.8672000;6.8672000;6.8672000;1
USDCNY;D;20180916;000000;6.8672000;6.8672000;6.8672000;6.8672000;1
USDCNY;D;20180917;000000;6.8643000;6.8750000;6.8527000;6.8539000;3408
USDCNY;D;20180918;000000;6.8545000;6.8781000;6.8526000;6.8590000;3667
USDCNY;D;20180919;000000;6.8615000;6.8658000;6.8450000;6.8465000;3598
USDCNY;D;20180920;000000;6.8482000;6.8570000;6.8390000;6.8454000;3654
USDCNY;D;20180921;000000;6.8454000;6.8592000;6.8324000;6.8558000;3352
USDCNY;D;20180922;000000;6.8558000;6.8558000;6.8558000;6.8558000;1
USDCNY;D;20180924;000000;6.8559000;6.8570000;6.8540000;6.8550000;1064
USDCNY;D;20180925;000000;6.8570000;6.8808000;6.8558000;6.8631000;3455
USDCNY;D;20180926;000000;6.8630000;6.8779000;6.8630000;6.8762000;3290
USDCNY;D;20180927;000000;6.8785000;6.8910000;6.8677000;6.8879000;2514
USDCNY;D;20180928;000000;6.8879000;6.8902000;6.8650000;6.8650000;3069
USDCNY;D;20180929;000000;6.8679000;6.8679000;6.8679000;6.8679000;1
USDCNY;D;20181001;000000;6.8680000;6.8688000;6.8670000;6.8679000;1071
USDCNY;D;20181002;000000;6.8688000;6.8688000;6.8670000;6.8679000;1087
USDCNY;D;20181003;000000;6.8679000;6.8688000;6.8650000;6.8650000;1039
USDCNY;D;20181004;000000;6.8688000;6.8688000;6.8650000;6.8680000;1069
USDCNY;D;20181005;000000;6.8688000;6.8688000;6.8650000;6.8679000;1076
USDCNY;D;20181006;000000;6.8679000;6.8679000;6.8679000;6.8679000;2
USDCNY;D;20181007;000000;6.8679000;6.8679000;6.8679000;6.8679000;3
USDCNY;D;20181008;000000;6.8680000;6.9319000;6.8679000;6.9288000;2677
USDCNY;D;20181009;000000;6.9307000;6.9307000;6.9071000;6.9216000;3735
USDCNY;D;20181010;000000;6.9216000;6.9239000;6.9149000;6.9223000;2787
USDCNY;D;20181011;000000;6.9223000;6.9330000;6.8858000;6.8880000;3642
USDCNY;D;20181012;000000;6.8898000;6.9278000;6.8871000;6.9180000;3410
USDCNY;D;20181013;000000;6.9181000;6.9181000;6.9181000;6.9181000;5
USDCNY;D;20181014;000000;6.9181000;6.9181000;6.9181000;6.9181000;6
USDCNY;D;20181015;000000;6.9200000;6.9298000;6.9130000;6.9130000;3506
USDCNY;D;20181016;000000;6.9130000;6.9258000;6.9052000;6.9101000;3533
USDCNY;D;20181017;000000;6.9119000;6.9285000;6.9101000;6.9250000;3519
USDCNY;D;20181018;000000;6.9262000;6.9419000;6.9262000;6.9360000;3630
USDCNY;D;20181019;000000;6.9366000;6.9415000;6.9260000;6.9290000;3361
USDCNY;D;20181020;000000;6.9290000;6.9290000;6.9290000;6.9290000;3
USDCNY;D;20181022;000000;6.9283000;6.9448000;6.9283000;6.9445000;2991
USDCNY;D;20181023;000000;6.9445000;6.9450000;6.9347000;6.9350000;3092
USDCNY;D;20181024;000000;6.9372000;6.9435000;6.9348000;6.9410000;2731
USDCNY;D;20181025;000000;6.9419000;6.9514000;6.9409000;6.9475000;2776
USDCNY;D;20181026;000000;6.9489000;6.9641000;6.9340000;6.9424000;3328
USDCNY;D;20181027;000000;6.9424000;6.9424000;6.9424000;6.9424000;4
USDCNY;D;20181028;000000;6.9424000;6.9424000;6.9424000;6.9424000;3
USDCNY;D;20181029;000000;6.9424000;6.9615000;6.9386000;6.9604000;3250
USDCNY;D;20181030;000000;6.9604000;6.9710000;6.9582000;6.9650000;3462
USDCNY;D;20181031;000000;6.9662000;6.9762000;6.9617000;6.9736000;3259
USDCNY;D;20181101;000000;6.9730000;6.9756000;6.9187000;6.9200000;3258
USDCNY;D;20181102;000000;6.9204000;6.9314000;6.8675000;6.8890000;3650
USDCNY;D;20181103;000000;6.8893000;6.8893000;6.8893000;6.8893000;1
USDCNY;D;20181105;000000;6.8894000;6.9299000;6.8893000;6.9248000;3531
USDCNY;D;20181106;000000;6.9240000;6.9284000;6.9100000;6.9171000;3350
USDCNY;D;20181107;000000;6.9160000;6.9408000;6.9118000;6.9173000;3508
USDCNY;D;20181108;000000;6.9170000;6.9366000;6.9170000;6.9317000;2372
USDCNY;D;20181109;000000;6.9320000;6.9553000;6.9317000;6.9552000;3427
USDCNY;D;20181110;000000;6.9552000;6.9552000;6.9550000;6.9552000;3
USDCNY;D;20181111;000000;6.9552000;6.9552000;6.9552000;6.9552000;1
USDCNY;D;20181112;000000;6.9553000;6.9686000;6.9401000;6.9617000;3297
USDCNY;D;20181113;000000;6.9617000;6.9695000;6.9481000;6.9545000;3317
USDCNY;D;20181114;000000;6.9559000;6.9559000;6.9457000;6.9499000;3034
USDCNY;D;20181115;000000;6.9499000;6.9504000;6.9325000;6.9380000;1462
USDCNY;D;20181116;000000;6.9379000;6.9504000;6.9283000;6.9366000;2424
USDCNY;D;20181117;000000;6.9366000;6.9366000;6.9360000;6.9360000;3
USDCNY;D;20181119;000000;6.9366000;6.9449000;6.9324000;6.9397000;2756
USDCNY;D;20181120;000000;6.9390000;6.9463000;6.9361000;6.9447000;2938
USDCNY;D;20181121;000000;6.9452000;6.9496000;6.9247000;6.9247000;2255
USDCNY;D;20181122;000000;6.9247000;6.9371000;6.9213000;6.9302000;2723
USDCNY;D;20181123;000000;6.9319000;6.9488000;6.9311000;6.9476000;2868
USDCNY;D;20181124;000000;6.9476000;6.9476000;6.9476000;6.9476000;3
USDCNY;D;20181126;000000;6.9477000;6.9484000;6.9330000;6.9396000;3844
USDCNY;D;20181127;000000;6.9396000;6.9534000;6.9390000;6.9497000;3123
USDCNY;D;20181128;000000;6.9497000;6.9568000;6.9493000;6.9533000;2864
USDCNY;D;20181129;000000;6.9538000;6.9538000;6.9346000;6.9410000;3202
USDCNY;D;20181130;000000;6.9424000;6.9558000;6.9401000;6.9557000;2979
USDCNY;D;20181201;000000;6.9557000;6.9557000;6.9557000;6.9557000;2
USDCNY;D;20181202;000000;6.9557000;6.9557000;6.9557000;6.9557000;1
USDCNY;D;20181203;000000;6.9580000;6.9604000;6.8797000;6.8797000;3746
USDCNY;D;20181204;000000;6.8797000;6.8886000;6.8307000;6.8342000;3824
USDCNY;D;20181205;000000;6.8342000;6.8690000;6.8342000;6.8545000;3477
USDCNY;D;20181206;000000;6.8545000;6.8958000;6.8545000;6.8815000;3701
USDCNY;D;20181207;000000;6.8800000;6.8894000;6.8657000;6.8732000;3359
USDCNY;D;20181208;000000;6.8732000;6.8732000;6.8730000;6.8730000;3
USDCNY;D;20181210;000000;6.8733000;6.9140000;6.8732000;6.9076000;2111
USDCNY;D;20181211;000000;6.9075000;6.9153000;6.8917000;6.8967000;3080
USDCNY;D;20181212;000000;6.8967000;6.8975000;6.8746000;6.8775000;2762
USDCNY;D;20181213;000000;6.8777000;6.8818000;6.8622000;6.8797000;3077
USDCNY;D;20181214;000000;6.8790000;6.9051000;6.8790000;6.9050000;1993
USDCNY;D;20181215;000000;6.9050000;6.9050000;6.9049000;6.9050000;5
USDCNY;D;20181216;000000;6.9049000;6.9049000;6.9049000;6.9049000;1
USDCNY;D;20181217;000000;6.9052000;6.9076000;6.8916000;6.8961000;2914
USDCNY;D;20181218;000000;6.8961000;6.9005000;6.8869000;6.8938000;2092
USDCNY;D;20181219;000000;6.8950000;6.8979000;6.8868000;6.8917000;3024
USDCNY;D;20181220;000000;6.8910000;6.9133000;6.8818000;6.8833000;2984
USDCNY;D;20181221;000000;6.8833000;6.9061000;6.8800000;6.9047000;3211
USDCNY;D;20181222;000000;6.9047000;6.9047000;6.9040000;6.9040000;3
USDCNY;D;20181224;000000;6.9047000;6.9117000;6.8935000;6.8977000;3091
USDCNY;D;20181225;000000;6.8977000;6.8977000;6.8751000;6.8858000;2942
USDCNY;D;20181226;000000;6.8858000;6.8896000;6.8750000;6.8843000;2238
USDCNY;D;20181227;000000;6.8843000;6.8949000;6.8620000;6.8648000;3629
USDCNY;D;20181228;000000;6.8740000;6.8755000;6.8469000;6.8754000;3809
USDCNY;D;20181229;000000;6.8754000;6.8754000;6.8750000;6.8750000;3
USDCNY;D;20181231;000000;6.8760000;6.8784000;6.8750000;6.8750000;1071
USDCNY;D;20190101;000000;6.8754000;6.8754000;6.8754000;6.8754000;1059
USDCNY;D;20190102;000000;6.8760000;6.8765000;6.8482000;6.8596000;3781
USDCNY;D;20190103;000000;6.8596000;6.8826000;6.8596000;6.8707000;3572
USDCNY;D;20190104;000000;6.8707000;6.8720000;6.8609000;6.8662000;3865
USDCNY;D;20190105;000000;6.8663000;6.8663000;6.8662000;6.8662000;3
USDCNY;D;20190107;000000;6.8662000;6.8691000;6.8430000;6.8500000;3384
USDCNY;D;20190108;000000;6.8500000;6.8609000;6.8424000;6.8518000;3884
USDCNY;D;20190109;000000;6.8518000;6.8531000;6.8116000;6.8116000;3380
USDCNY;D;20190110;000000;6.8107000;6.8224000;6.7730000;6.7874000;3585
USDCNY;D;20190111;000000;6.7874000;6.7899000;6.7371000;6.7595000;2350
USDCNY;D;20190112;000000;6.7595000;6.7595000;6.7595000;6.7595000;3
USDCNY;D;20190113;000000;6.7595000;6.7595000;6.7595000;6.7595000;1
USDCNY;D;20190114;000000;6.7605000;6.7701000;6.7336000;6.7667000;2643
USDCNY;D;20190115;000000;6.7680000;6.7680000;6.7376000;6.7594000;4201
USDCNY;D;20190116;000000;6.7590000;6.7787000;6.7513000;6.7531000;3808
USDCNY;D;20190117;000000;6.7543000;6.7767000;6.7435000;6.7734000;3848
USDCNY;D;20190118;000000;6.7730000;6.7805000;6.7667000;6.7764000;2906
USDCNY;D;20190119;000000;6.7760000;6.7764000;6.7760000;6.7764000;6
USDCNY;D;20190121;000000;6.7764000;6.7968000;6.7764000;6.7929000;3947
USDCNY;D;20190122;000000;6.7979000;6.8103000;6.7903000;6.8071000;5104
USDCNY;D;20190123;000000;6.8071000;6.8079000;6.7758000;6.7896000;4555
USDCNY;D;20190124;000000;6.7919000;6.7962000;6.7742000;6.7835000;3996
USDCNY;D;20190125;000000;6.7834000;6.7904000;6.7440000;6.7440000;3939
USDCNY;D;20190126;000000;6.7447000;6.7447000;6.7447000;6.7447000;1
USDCNY;D;20190127;000000;6.7447000;6.7447000;6.7447000;6.7447000;5
USDCNY;D;20190128;000000;6.7483000;6.7600000;6.7225000;6.7436000;1587
USDCNY;D;20190129;000000;6.7436000;6.7529000;6.7274000;6.7303000;6095
USDCNY;D;20190130;000000;6.7303000;6.7328000;6.7030000;6.7114000;5238
USDCNY;D;20190131;000000;6.7114000;6.7164000;6.6904000;6.6957000;3091
USDCNY;D;20190201;000000;6.6999000;6.7426000;6.6957000;6.7425000;4728
USDCNY;D;20190202;000000;6.7425000;6.7425000;6.7420000;6.7420000;6
USDCNY;D;20190204;000000;6.7426000;6.7447000;6.7420000;6.7425000;1066
USDCNY;D;20190205;000000;6.7447000;6.7447000;6.7416000;6.7425000;1057
USDCNY;D;20190206;000000;6.7447000;6.7447000;6.7416000;6.7425000;1052
USDCNY;D;20190207;000000;6.7425000;6.7447000;6.7425000;6.7425000;1063
USDCNY;D;20190208;000000;6.7425000;6.7447000;6.7416000;6.7425000;1050
USDCNY;D;20190209;000000;6.7425000;6.7430000;6.7425000;6.7430000;4
USDCNY;D;20190210;000000;6.7425000;6.7425000;6.7425000;6.7425000;3
USDCNY;D;20190211;000000;6.7426000;6.7922000;6.7418000;6.7905000;4956
USDCNY;D;20190212;000000;6.7923000;6.7941000;6.7646000;6.7725000;5221
USDCNY;D;20190213;000000;6.7739000;6.7739000;6.7499000;6.7595000;4666
USDCNY;D;20190214;000000;6.7597000;6.7768000;6.7571000;6.7700000;5115
USDCNY;D;20190215;000000;6.7710000;6.7813000;6.7633000;6.7679000;7019
USDCNY;D;20190216;000000;6.7680000;6.7680000;6.7679000;6.7679000;4
USDCNY;D;20190218;000000;6.7709000;6.7731000;6.7513000;6.7654000;6069
USDCNY;D;20190219;000000;6.7654000;6.7798000;6.7536000;6.7559000;4084
USDCNY;D;20190220;000000;6.7562000;6.7562000;6.7106000;6.7180000;5369
USDCNY;D;20190221;000000;6.7187000;6.7259000;6.6884000;6.7194000;4560
USDCNY;D;20190222;000000;6.7194000;6.7337000;6.7083000;6.7111000;4817
USDCNY;D;20190223;000000;6.7111000;6.7111000;6.7111000;6.7111000;2
USDCNY;D;20190224;000000;6.7111000;6.7111000;6.7111000;6.7111000;2
USDCNY;D;20190225;000000;6.7117000;6.7141000;6.6717000;6.6843000;7489
USDCNY;D;20190226;000000;6.6843000;6.7043000;6.6843000;6.6979000;6106
USDCNY;D;20190227;000000;6.6980000;6.7001000;6.6732000;6.6821000;5896
USDCNY;D;20190228;000000;6.6770000;6.6912000;6.6759000;6.6911000;5058
USDCNY;D;20190301;000000;6.6911000;6.7095000;6.6911000;6.7047000;5396
USDCNY;D;20190302;000000;6.7040000;6.7047000;6.7040000;6.7047000;6
USDCNY;D;20190303;000000;6.7047000;6.7047000;6.7047000;6.7047000;2
USDCNY;D;20190304;000000;6.7047000;6.7063000;6.6839000;6.7044000;5620
USDCNY;D;20190305;000000;6.7044000;6.7068000;6.6953000;6.7060000;7998
USDCNY;D;20190306;000000;6.7059000;6.7180000;6.7011000;6.7098000;5554
USDCNY;D;20190307;000000;6.7112000;6.7132000;6.7015000;6.7131000;3757
USDCNY;D;20190308;000000;6.7149000;6.7262000;6.7131000;6.7200000;5113
USDCNY;D;20190311;000000;6.7197000;6.7298000;6.7173000;6.7214000;4253
USDCNY;D;20190312;000000;6.7214000;6.7264000;6.7021000;6.7069000;3891
USDCNY;D;20190313;000000;6.7069000;6.7115000;6.7018000;6.7063000;3741
USDCNY;D;20190314;000000;6.7063000;6.7277000;6.7009000;6.7208000;2306
USDCNY;D;20190315;000000;6.7229000;6.7293000;6.7060000;6.7128000;4062
USDCNY;D;20190316;000000;6.7128000;6.7128000;6.7128000;6.7128000;2
USDCNY;D;20190317;000000;6.7128000;6.7128000;6.7128000;6.7128000;3
USDCNY;D;20190318;000000;6.7129000;6.7170000;6.7072000;6.7120000;4195
USDCNY;D;20190319;000000;6.7120000;6.7197000;6.7080000;6.7105000;4784
USDCNY;D;20190320;000000;6.7105000;6.7167000;6.6914000;6.6915000;4227
USDCNY;D;20190321;000000;6.6945000;6.6959000;6.6684000;6.6951000;4930
USDCNY;D;20190322;000000;6.6967000;6.7230000;6.6951000;6.7161000;5025
USDCNY;D;20190323;000000;6.7161000;6.7161000;6.7161000;6.7161000;1
USDCNY;D;20190324;000000;6.7161000;6.7161000;6.7161000;6.7161000;4
USDCNY;D;20190325;000000;6.7162000;6.7198000;6.7037000;6.7078000;3938
USDCNY;D;20190326;000000;6.7093000;6.7154000;6.7013000;6.7144000;4376
USDCNY;D;20190327;000000;6.7156000;6.7267000;6.7101000;6.7261000;5314
USDCNY;D;20190328;000000;6.7261000;6.7397000;6.7196000;6.7380000;5092
USDCNY;D;20190329;000000;6.7380000;6.7390000;6.7057000;6.7111000;5713
USDCNY;D;20190331;000000;6.7111000;6.7111000;6.7111000;6.7111000;2
USDCNY;D;20190401;000000;6.7112000;6.7130000;6.6989000;6.7101000;4056
USDCNY;D;20190402;000000;6.7114000;6.7242000;6.7114000;6.7220000;3829
USDCNY;D;20190403;000000;6.7232000;6.7232000;6.7036000;6.7097000;2414
USDCNY;D;20190404;000000;6.7113000;6.7199000;6.7057000;6.7166000;4005
USDCNY;D;20190405;000000;6.7173000;6.7181000;6.7162000;6.7180000;1074
USDCNY;D;20190408;000000;6.7167000;6.7211000;6.7103000;6.7157000;4704
USDCNY;D;20190409;000000;6.7163000;6.7187000;6.7070000;6.7100000;5491
USDCNY;D;20190410;000000;6.7118000;6.7180000;6.7091000;6.7152000;5603
USDCNY;D;20190411;000000;6.7159000;6.7190000;6.7096000;6.7188000;4130
USDCNY;D;20190412;000000;6.7193000;6.7229000;6.6983000;6.7038000;1792
USDCNY;D;20190413;000000;6.7038000;6.7038000;6.7038000;6.7038000;2
USDCNY;D;20190415;000000;6.7039000;6.7094000;6.7026000;6.7071000;2378
USDCNY;D;20190416;000000;6.7086000;6.7123000;6.7063000;6.7111000;1921
USDCNY;D;20190417;000000;6.7121000;6.7121000;6.6828000;6.6869000;6599
USDCNY;D;20190418;000000;6.6869000;6.7084000;6.6835000;6.7080000;6696
USDCNY;D;20190419;000000;6.7080000;6.7080000;6.6991000;6.7031000;4214
USDCNY;D;20190420;000000;6.7031000;6.7031000;6.7031000;6.7031000;1
USDCNY;D;20190421;000000;6.7031000;6.7031000;6.7031000;6.7031000;4
USDCNY;D;20190422;000000;6.7049000;6.7140000;6.7043000;6.7111000;3901
USDCNY;D;20190423;000000;6.7112000;6.7265000;6.7073000;6.7248000;5282
USDCNY;D;20190424;000000;6.7258000;6.7258000;6.7132000;6.7206000;5954
USDCNY;D;20190425;000000;6.7317000;6.7482000;6.7248000;6.7417000;6740
USDCNY;D;20190426;000000;6.7417000;6.7430000;6.7246000;6.7281000;7000
USDCNY;D;20190427;000000;6.7281000;6.7281000;6.7281000;6.7281000;1
USDCNY;D;20190428;000000;6.7282000;6.7297000;6.7281000;6.7281000;5
USDCNY;D;20190429;000000;6.7282000;6.7359000;6.7260000;6.7331000;5722
USDCNY;D;20190430;000000;6.7335000;6.7415000;6.7308000;6.7346000;5879
USDCNY;D;20190501;000000;6.7338000;6.7348000;6.7318000;6.7318000;1463
USDCNY;D;20190502;000000;6.7347000;6.7348000;6.7315000;6.7336000;1467
USDCNY;D;20190503;000000;6.7348000;6.7348000;6.7315000;6.7336000;1442
USDCNY;D;20190504;000000;6.7336000;6.7336000;6.7336000;6.7336000;2
USDCNY;D;20190505;000000;6.7347000;6.7348000;6.7336000;6.7336000;8
USDCNY;D;20190506;000000;6.7347000;6.7959000;6.7335000;6.7601000;6089
USDCNY;D;20190507;000000;6.7601000;6.7795000;6.7587000;6.7754000;4222
USDCNY;D;20190508;000000;6.7768000;6.7838000;6.7644000;6.7817000;6651
USDCNY;D;20190509;000000;6.7828000;6.8287000;6.7803000;6.8255000;6482
USDCNY;D;20190510;000000;6.8255000;6.8274000;6.7927000;6.8216000;7503
USDCNY;D;20190511;000000;6.8216000;6.8216000;6.8216000;6.8216000;2
USDCNY;D;20190512;000000;6.8216000;6.8240000;6.8216000;6.8216000;7
USDCNY;D;20190513;000000;6.8217000;6.8804000;6.8216000;6.8764000;3489
USDCNY;D;20190514;000000;6.8783000;6.8865000;6.8618000;6.8736000;6034
USDCNY;D;20190515;000000;6.8759000;6.8792000;6.8621000;6.8741000;5614
USDCNY;D;20190516;000000;6.8761000;6.8855000;6.8724000;6.8831000;6289
USDCNY;D;20190517;000000;6.8837000;6.9182000;6.8817000;6.9181000;6117
USDCNY;D;20190518;000000;6.9181000;6.9181000;6.9181000;6.9181000;2
USDCNY;D;20190519;000000;6.9182000;6.9186000;6.9181000;6.9181000;4
USDCNY;D;20190520;000000;6.9182000;6.9186000;6.8963000;6.9110000;5687
USDCNY;D;20190521;000000;6.9122000;6.9162000;6.8955000;6.9006000;6146
USDCNY;D;20190522;000000;6.9022000;6.9148000;6.8981000;6.9053000;4960
USDCNY;D;20190523;000000;6.9063000;6.9192000;6.9038000;6.9086000;5092
USDCNY;D;20190524;000000;6.9086000;6.9142000;6.8961000;6.8996000;5726
USDCNY;D;20190525;000000;6.8980000;6.8996000;6.8980000;6.8996000;2
USDCNY;D;20190526;000000;6.8997000;6.9002000;6.8996000;6.8996000;5
USDCNY;D;20190527;000000;6.8997000;6.9002000;6.8797000;6.8972000;4498
USDCNY;D;20190528;000000;6.8979000;6.9134000;6.8959000;6.9077000;5337
USDCNY;D;20190529;000000;6.9101000;6.9174000;6.9077000;6.9137000;4969
USDCNY;D;20190530;000000;6.9130000;6.9147000;6.8969000;6.9010000;4952
USDCNY;D;20190531;000000;6.9010000;6.9134000;6.8971000;6.9026000;5642
USDCNY;D;20190601;000000;6.9026000;6.9026000;6.9026000;6.9026000;4
USDCNY;D;20190602;000000;6.9026000;6.9049000;6.9026000;6.9026000;4
USDCNY;D;20190603;000000;6.9027000;6.9091000;6.8967000;6.9027000;5253
USDCNY;D;20190604;000000;6.9037000;6.9138000;6.8966000;6.9071000;5237
USDCNY;D;20190605;000000;6.9071000;6.9142000;6.9003000;6.9083000;5328
USDCNY;D;20190606;000000;6.9090000;6.9158000;6.9055000;6.9080000;3043
USDCNY;D;20190607;000000;6.9081000;6.9096000;6.9050000;6.9056000;1450
USDCNY;D;20190608;000000;6.9056000;6.9056000;6.9056000;6.9056000;1
USDCNY;D;20190609;000000;6.9056000;6.9096000;6.9056000;6.9056000;19
USDCNY;D;20190610;000000;6.9082000;6.9353000;6.9056000;6.9297000;4141
USDCNY;D;20190611;000000;6.9309000;6.9309000;6.9067000;6.9100000;5445
USDCNY;D;20190612;000000;6.9113000;6.9219000;6.9078000;6.9160000;4362
USDCNY;D;20190613;000000;6.9176000;6.9224000;6.9147000;6.9211000;4557
USDCNY;D;20190614;000000;6.9211000;6.9253000;6.9191000;6.9240000;5087
USDCNY;D;20190615;000000;6.9246000;6.9246000;6.9246000;6.9246000;2
USDCNY;D;20190616;000000;6.9246000;6.9246000;6.9246000;6.9246000;4
USDCNY;D;20190617;000000;6.9247000;6.9268000;6.9188000;6.9250000;3265
USDCNY;D;20190618;000000;6.9257000;6.9299000;6.9000000;6.9001000;3376
USDCNY;D;20190619;000000;6.9007000;6.9074000;6.8983000;6.8990000;3954
USDCNY;D;20190620;000000;6.8995000;6.9035000;6.8430000;6.8509000;3612
USDCNY;D;20190621;000000;6.8519000;6.8779000;6.8321000;6.8680000;3632
USDCNY;D;20190622;000000;6.8685000;6.8685000;6.8685000;6.8685000;1
USDCNY;D;20190624;000000;6.8687000;6.8823000;6.8627000;6.8719000;3182
USDCNY;D;20190625;000000;6.8719000;6.8844000;6.8647000;6.8790000;3343
USDCNY;D;20190626;000000;6.8797000;6.8918000;6.8637000;6.8780000;3854
USDCNY;D;20190627;000000;6.8780000;6.8836000;6.8729000;6.8761000;3652
USDCNY;D;20190628;000000;6.8770000;6.8783000;6.8576000;6.8649000;3196
USDCNY;D;20190629;000000;6.8649000;6.8649000;6.8649000;6.8649000;1
USDCNY;D;20190630;000000;6.8649000;6.8649000;6.8649000;6.8649000;3
USDCNY;D;20190701;000000;6.8650000;6.8667000;6.8310000;6.8486000;3704
USDCNY;D;20190702;000000;6.8492000;6.8821000;6.8486000;6.8716000;4324
USDCNY;D;20190703;000000;6.8728000;6.8923000;6.8716000;6.8805000;3976
USDCNY;D;20190704;000000;6.8811000;6.8811000;6.8662000;6.8701000;3934
USDCNY;D;20190705;000000;6.8701000;6.8928000;6.8701000;6.8924000;3614
USDCNY;D;20190706;000000;6.8924000;6.8924000;6.8924000;6.8924000;2
USDCNY;D;20190707;000000;6.8924000;6.8924000;6.8924000;6.8924000;1
USDCNY;D;20190708;000000;6.8925000;6.8949000;6.8745000;6.8807000;3463
USDCNY;D;20190709;000000;6.8818000;6.8880000;6.8755000;6.8829000;3907
USDCNY;D;20190710;000000;6.8879000;6.8879000;6.8675000;6.8700000;3465
USDCNY;D;20190711;000000;6.8728000;6.8744000;6.8566000;6.8681000;4378
USDCNY;D;20190712;000000;6.8701000;6.8808000;6.8669000;6.8780000;4582
USDCNY;D;20190713;000000;6.8795000;6.8795000;6.8795000;6.8795000;1
USDCNY;D;20190715;000000;6.8795000;6.8820000;6.8680000;6.8768000;3874
USDCNY;D;20190716;000000;6.8777000;6.8788000;6.8696000;6.8752000;4004
USDCNY;D;20190717;000000;6.8762000;6.8829000;6.8714000;6.8730000;4850
USDCNY;D;20190718;000000;6.8736000;6.8809000;6.8699000;6.8787000;4467
USDCNY;D;20190719;000000;6.8800000;6.8812000;6.8695000;6.8811000;3919
USDCNY;D;20190720;000000;6.8811000;6.8811000;6.8811000;6.8811000;3
USDCNY;D;20190722;000000;6.8813000;6.8825000;6.8745000;6.8802000;3578
USDCNY;D;20190723;000000;6.8811000;6.8840000;6.8736000;6.8786000;2552
USDCNY;D;20190724;000000;6.8791000;6.8832000;6.8668000;6.8717000;3598
USDCNY;D;20190725;000000;6.8717000;6.8764000;6.8652000;6.8713000;3774
USDCNY;D;20190726;000000;6.8700000;6.8810000;6.8699000;6.8784000;3570
USDCNY;D;20190728;000000;6.8784000;6.8804000;6.8784000;6.8804000;3
USDCNY;D;20190729;000000;6.8784000;6.8950000;6.8774000;6.8926000;1572
USDCNY;D;20190730;000000;6.8891000;6.8920000;6.8741000;6.8832000;4057
USDCNY;D;20190731;000000;6.8847000;6.8879000;6.8768000;6.8832000;4151
USDCNY;D;20190801;000000;6.8821000;6.9049000;6.8821000;6.9013000;3887
USDCNY;D;20190802;000000;6.9013000;6.9479000;6.9013000;6.9386000;2120
USDCNY;D;20190804;000000;6.9362000;6.9404000;6.9362000;6.9386000;7
USDCNY;D;20190805;000000;7.0120000;7.0513000;7.0099000;7.0457000;4408
USDCNY;D;20190806;000000;7.0457000;7.0574000;7.0139000;7.0222000;4773
USDCNY;D;20190807;000000;7.0342000;7.0632000;7.0222000;7.0222000;1573
USDCNY;D;20190808;000000;7.0380000;7.0504000;7.0222000;7.0439000;1580
USDCNY;D;20190809;000000;7.0439000;7.0613000;7.0426000;7.0612000;4518
USDCNY;D;20190811;000000;7.0612000;7.0623000;7.0612000;7.0612000;5
USDCNY;D;20190812;000000;7.0599000;7.0688000;7.0529000;7.0577000;5345
USDCNY;D;20190813;000000;7.0546000;7.0683000;7.0393000;7.0394000;4760
USDCNY;D;20190814;000000;7.0394000;7.0394000;7.0099000;7.0223000;2475
USDCNY;D;20190815;000000;7.0259000;7.0419000;7.0155000;7.0326000;5543
USDCNY;D;20190816;000000;7.0326000;7.0457000;7.0326000;7.0412000;4556
USDCNY;D;20190818;000000;7.0412000;7.0427000;7.0412000;7.0412000;7
USDCNY;D;20190819;000000;7.0377000;7.0507000;7.0371000;7.0498000;5211
USDCNY;D;20190820;000000;7.0487000;7.0678000;7.0469000;7.0596000;2831
USDCNY;D;20190821;000000;7.0584000;7.0659000;7.0512000;7.0623000;2603
USDCNY;D;20190822;000000;7.0592000;7.0931000;7.0592000;7.0828000;5484
USDCNY;D;20190823;000000;7.0860000;7.0985000;7.0746000;7.0927000;3738
USDCNY;D;20190825;000000;7.0927000;7.0960000;7.0927000;7.0927000;7
USDCNY;D;20190826;000000;7.1398000;7.1524000;7.1338000;7.1502000;4432
USDCNY;D;20190827;000000;7.1502000;7.1688000;7.1414000;7.1622000;5288
USDCNY;D;20190828;000000;7.1560000;7.1675000;7.1525000;7.1627000;4994
USDCNY;D;20190829;000000;7.1622000;7.1703000;7.1370000;7.1433000;5063
USDCNY;D;20190830;000000;7.1433000;7.1549000;7.1366000;7.1542000;4584
USDCNY;D;20190901;000000;7.1542000;7.1567000;7.1542000;7.1542000;4
USDCNY;D;20190902;000000;7.1602000;7.1732000;7.1561000;7.1714000;4644
USDCNY;D;20190903;000000;7.1799000;7.1842000;7.1699000;7.1785000;3864
USDCNY;D;20190904;000000;7.1768000;7.1768000;7.1409000;7.1409000;4631
USDCNY;D;20190905;000000;7.1439000;7.1548000;7.1217000;7.1467000;5450
USDCNY;D;20190906;000000;7.1467000;7.1549000;7.1099000;7.1130000;4298
USDCNY;D;20190908;000000;7.1130000;7.1156000;7.1130000;7.1130000;6
USDCNY;D;20190909;000000;7.1197000;7.1346000;7.1136000;7.1209000;3902
USDCNY;D;20190910;000000;7.1209000;7.1209000;7.0969000;7.1120000;4301
USDCNY;D;20190911;000000;7.1120000;7.1222000;7.1034000;7.1152000;3408
USDCNY;D;20190912;000000;7.0968000;7.1023000;7.0634000;7.0786000;7515
USDCNY;D;20190913;000000;7.0773000;7.0773000;7.0750000;7.0753000;1070
USDCNY;D;20190915;000000;7.0753000;7.0793000;7.0753000;7.0753000;5
USDCNY;D;20190916;000000;7.0773000;7.0773000;7.0611000;7.0658000;5011
USDCNY;D;20190917;000000;7.0738000;7.0968000;7.0736000;7.0910000;5669
USDCNY;D;20190918;000000;7.0888000;7.0915000;7.0827000;7.0848000;5080
USDCNY;D;20190919;000000;7.0848000;7.1044000;7.0848000;7.0958000;4860
USDCNY;D;20190920;000000;7.0950000;7.0972000;7.0807000;7.0908000;4396
USDCNY;D;20190922;000000;7.0908000;7.0915000;7.0908000;7.0908000;8
USDCNY;D;20190923;000000;7.0890000;7.1282000;7.0890000;7.1167000;4612
USDCNY;D;20190924;000000;7.1157000;7.1208000;7.1011000;7.1139000;4841
USDCNY;D;20190925;000000;7.1137000;7.1338000;7.1070000;7.1312000;5162
USDCNY;D;20190926;000000;7.1312000;7.1348000;7.1216000;7.1299000;4608
USDCNY;D;20190927;000000;7.1305000;7.1378000;7.1180000;7.1217000;4839
USDCNY;D;20190929;000000;7.1217000;7.1227000;7.1217000;7.1217000;8
USDCNY;D;20190930;000000;7.1297000;7.1477000;7.1167000;7.1476000;4290
USDCNY;D;20191001;000000;7.1476000;7.1483000;7.1470000;7.1476000;1075
USDCNY;D;20191002;000000;7.1476000;7.1476000;7.1470000;7.1476000;1060
USDCNY;D;20191003;000000;7.1476000;7.1476000;7.1470000;7.1476000;1061
USDCNY;D;20191004;000000;7.1476000;7.1477000;7.1470000;7.1476000;1066
USDCNY;D;20191006;000000;7.1476000;7.1483000;7.1476000;7.1476000;7
USDCNY;D;20191007;000000;7.1476000;7.1483000;7.1470000;7.1476000;1060
USDCNY;D;20191008;000000;7.1301000;7.1480000;7.1191000;7.1422000;3905
USDCNY;D;20191009;000000;7.1515000;7.1515000;7.1206000;7.1315000;3117
USDCNY;D;20191010;000000;7.1303000;7.1303000;7.1013000;7.1152000;2147
USDCNY;D;20191011;000000;7.1142000;7.1142000;7.0852000;7.0867000;2241
USDCNY;D;20191013;000000;7.0868000;7.0879000;7.0867000;7.0867000;4
USDCNY;D;20191014;000000;7.0828000;7.0860000;7.0464000;7.0634000;5209
USDCNY;D;20191015;000000;7.0668000;7.0829000;7.0625000;7.0813000;4285
USDCNY;D;20191016;000000;7.0813000;7.1029000;7.0813000;7.0919000;4168
USDCNY;D;20191017;000000;7.0950000;7.1007000;7.0634000;7.0765000;5170
USDCNY;D;20191018;000000;7.0765000;7.0873000;7.0655000;7.0804000;4636
USDCNY;D;20191020;000000;7.0804000;7.0816000;7.0804000;7.0804000;4
USDCNY;D;20191021;000000;7.0804000;7.0804000;7.0646000;7.0747000;4982
USDCNY;D;20191022;000000;7.0708000;7.0831000;7.0696000;7.0760000;4824
USDCNY;D;20191023;000000;7.0753000;7.0862000;7.0620000;7.0620000;3473
USDCNY;D;20191024;000000;7.0623000;7.0725000;7.0552000;7.0683000;3962
USDCNY;D;20191025;000000;7.0689000;7.0758000;7.0510000;7.0646000;2669
USDCNY;D;20191027;000000;7.0647000;7.0653000;7.0646000;7.0646000;10
USDCNY;D;20191028;000000;7.0646000;7.0685000;7.0516000;7.0669000;4600
USDCNY;D;20191029;000000;7.0669000;7.0669000;7.0494000;7.0654000;4906
USDCNY;D;20191030;000000;7.0655000;7.0669000;7.0527000;7.0546000;3906
USDCNY;D;20191031;000000;7.0540000;7.0540000;7.0311000;7.0378000;3042
USDCNY;D;20191101;000000;7.0378000;7.0486000;7.0339000;7.0367000;4765
USDCNY;D;20191103;000000;7.0374000;7.0374000;7.0367000;7.0367000;5
USDCNY;D;20191104;000000;7.0297000;7.0338000;7.0220000;7.0299000;4352
USDCNY;D;20191105;000000;7.0281000;7.0300000;6.9875000;7.0081000;6383
USDCNY;D;20191106;000000;7.0081000;7.0081000;6.9894000;6.9967000;5786
USDCNY;D;20191107;000000;7.0093000;7.0189000;6.9670000;6.9765000;5621
USDCNY;D;20191108;000000;6.9683000;6.9961000;6.9669000;6.9953000;5357
USDCNY;D;20191110;000000;6.9954000;6.9960000;6.9953000;6.9954000;5
USDCNY;D;20191111;000000;6.9953000;7.0113000;6.9908000;7.0097000;4411
USDCNY;D;20191112;000000;7.0097000;7.0097000;6.9925000;7.0065000;5511
USDCNY;D;20191113;000000;7.0063000;7.0260000;7.0063000;7.0222000;5770
USDCNY;D;20191114;000000;7.0222000;7.0238000;7.0129000;7.0194000;5858
USDCNY;D;20191115;000000;7.0194000;7.0194000;6.9984000;7.0074000;5937
USDCNY;D;20191117;000000;7.0075000;7.0082000;7.0074000;7.0074000;5
USDCNY;D;20191118;000000;7.0140000;7.0260000;7.0051000;7.0245000;4427
USDCNY;D;20191119;000000;7.0245000;7.0290000;7.0188000;7.0262000;5109
USDCNY;D;20191120;000000;7.0262000;7.0379000;7.0262000;7.0343000;4442
USDCNY;D;20191121;000000;7.0343000;7.0444000;7.0250000;7.0284000;3143
USDCNY;D;20191122;000000;7.0250000;7.0416000;7.0238000;7.0388000;2117
USDCNY;D;20191124;000000;7.0389000;7.0399000;7.0388000;7.0388000;4
USDCNY;D;20191125;000000;7.0338000;7.0377000;7.0295000;7.0354000;4444
USDCNY;D;20191126;000000;7.0270000;7.0413000;7.0242000;7.0318000;4900
USDCNY;D;20191127;000000;7.0318000;7.0318000;7.0166000;7.0280000;5023
USDCNY;D;20191128;000000;7.0287000;7.0353000;7.0246000;7.0346000;4034
USDCNY;D;20191129;000000;7.0309000;7.0354000;7.0179000;7.0307000;4299
USDCNY;D;20191201;000000;7.0307000;7.0324000;7.0307000;7.0308000;6
USDCNY;D;20191202;000000;7.0255000;7.0445000;7.0252000;7.0380000;3483
USDCNY;D;20191203;000000;7.0379000;7.0612000;7.0358000;7.0609000;4320
USDCNY;D;20191204;000000;7.0597000;7.0733000;7.0458000;7.0489000;5492
USDCNY;D;20191205;000000;7.0499000;7.0565000;7.0348000;7.0445000;5302
USDCNY;D;20191206;000000;7.0403000;7.0496000;7.0261000;7.0347000;4704
USDCNY;D;20191208;000000;7.0348000;7.0349000;7.0347000;7.0347000;7
USDCNY;D;20191209;000000;7.0329000;7.0429000;7.0292000;7.0389000;3943
USDCNY;D;20191210;000000;7.0388000;7.0411000;7.0299000;7.0327000;4188
USDCNY;D;20191211;000000;7.0327000;7.0404000;7.0327000;7.0383000;3824
USDCNY;D;20191212;000000;7.0299000;7.0367000;6.9798000;6.9824000;3302
USDCNY;D;20191213;000000;6.9808000;6.9974000;6.9588000;6.9847000;4625
USDCNY;D;20191215;000000;6.9847000;6.9894000;6.9809000;6.9847000;6
USDCNY;D;20191216;000000;6.9986000;7.0069000;6.9914000;6.9920000;4981
USDCNY;D;20191217;000000;6.9920000;7.0024000;6.9904000;6.9966000;4389
USDCNY;D;20191218;000000;6.9968000;7.0078000;6.9907000;7.0039000;4391
USDCNY;D;20191219;000000;6.9998000;7.0103000;6.9963000;7.0096000;4520
USDCNY;D;20191220;000000;7.0034000;7.0155000;7.0024000;7.0062000;4260
USDCNY;D;20191222;000000;7.0062000;7.0067000;7.0062000;7.0067000;4
USDCNY;D;20191223;000000;7.0062000;7.0138000;7.0058000;7.0123000;4287
USDCNY;D;20191224;000000;7.0123000;7.0139000;7.0019000;7.0063000;4721
USDCNY;D;20191225;000000;7.0059000;7.0059000;6.9783000;6.9889000;3723
USDCNY;D;20191226;000000;6.9849000;7.0028000;6.9839000;6.9924000;5490
USDCNY;D;20191227;000000;6.9924000;7.0010000;6.9912000;6.9953000;5311
USDCNY;D;20191229;000000;6.9953000;6.9957000;6.9953000;6.9953000;5
USDCNY;D;20191230;000000;6.9930000;6.9948000;6.9779000;6.9863000;4061
USDCNY;D;20191231;000000;6.9819000;6.9855000;6.9541000;6.9617000;4016
USDCNY;D;20200101;000000;6.9617000;6.9631000;6.9591000;6.9591000;1057
USDCNY;D;20200102;000000;6.9595000;6.9738000;6.9566000;6.9642000;5768
USDCNY;D;20200103;000000;6.9641000;6.9752000;6.9609000;6.9648000;5406
USDCNY;D;20200105;000000;6.9648000;6.9654000;6.9648000;6.9648000;8
USDCNY;D;20200106;000000;6.9674000;6.9785000;6.9671000;6.9748000;4482
USDCNY;D;20200107;000000;6.9748000;6.9748000;6.9279000;6.9442000;5241
USDCNY;D;20200108;000000;6.9442000;6.9540000;6.9357000;6.9446000;5592
USDCNY;D;20200109;000000;6.9310000;6.9421000;6.9200000;6.9317000;5958
USDCNY;D;20200110;000000;6.9302000;6.9492000;6.9155000;6.9177000;5319
USDCNY;D;20200112;000000;6.9177000;6.9192000;6.9177000;6.9177000;9
USDCNY;D;20200113;000000;6.9108000;6.9142000;6.8828000;6.8924000;4335
USDCNY;D;20200114;000000;6.8754000;6.8969000;6.8648000;6.8836000;3581
USDCNY;D;20200115;000000;6.8927000;6.8978000;6.8812000;6.8898000;4636
USDCNY;D;20200116;000000;6.8820000;6.8918000;6.8741000;6.8768000;4071
USDCNY;D;20200117;000000;6.8747000;6.8782000;6.8515000;6.8588000;3612
USDCNY;D;20200119;000000;6.8589000;6.8597000;6.8588000;6.8588000;6
USDCNY;D;20200120;000000;6.8588000;6.8668000;6.8399000;6.8664000;4459
USDCNY;D;20200121;000000;6.8763000;6.9086000;6.8755000;6.9048000;4819
USDCNY;D;20200122;000000;6.9048000;6.9169000;6.8959000;6.9039000;4922
USDCNY;D;20200123;000000;6.9039000;6.9404000;6.9039000;6.9363000;5019
USDCNY;D;20200124;000000;6.9363000;6.9364000;6.9304000;6.9350000;1066
USDCNY;D;20200126;000000;6.9363000;6.9404000;6.9363000;6.9363000;8
USDCNY;D;20200127;000000;6.9363000;6.9404000;6.9360000;6.9363000;1065
USDCNY;D;20200128;000000;6.9363000;6.9364000;6.9350000;6.9350000;1055
USDCNY;D;20200129;000000;6.9350000;6.9404000;6.9350000;6.9404000;1063
USDCNY;D;20200130;000000;6.9363000;6.9370000;6.9350000;6.9363000;1062
USDCNY;D;20200131;000000;6.9314000;6.9363000;6.9314000;6.9363000;1062
USDCNY;D;20200202;000000;6.9369000;6.9404000;6.9363000;6.9363000;6
USDCNY;D;20200203;000000;6.9847000;7.0248000;6.9847000;7.0207000;4126
USDCNY;D;20200204;000000;7.0207000;7.0207000;6.9864000;6.9970000;4005
USDCNY;D;20200205;000000;6.9959000;7.0069000;6.9649000;6.9719000;3974
USDCNY;D;20200206;000000;6.9719000;6.9815000;6.9549000;6.9693000;4099
USDCNY;D;20200207;000000;6.9693000;7.0008000;6.9693000;7.0002000;3737
USDCNY;D;20200209;000000;7.0002000;7.0024000;7.0002000;7.0024000;11
USDCNY;D;20200210;000000;7.0002000;7.0013000;6.9748000;6.9843000;3519
USDCNY;D;20200211;000000;6.9819000;6.9823000;6.9584000;6.9650000;3566
USDCNY;D;20200212;000000;6.9649000;6.9760000;6.9580000;6.9707000;3700
USDCNY;D;20200213;000000;6.9724000;6.9850000;6.9707000;6.9759000;3075
USDCNY;D;20200214;000000;6.9723000;6.9869000;6.9723000;6.9858000;3847
USDCNY;D;20200216;000000;6.9858000;6.9868000;6.9858000;6.9868000;8
USDCNY;D;20200217;000000;6.9799000;6.9825000;6.9709000;6.9806000;3045
USDCNY;D;20200218;000000;6.9805000;7.0065000;6.9805000;6.9949000;3488
USDCNY;D;20200219;000000;6.9948000;7.0125000;6.9884000;6.9974000;4903
USDCNY;D;20200220;000000;6.9974000;7.0256000;6.9974000;7.0224000;5034
USDCNY;D;20200221;000000;7.0224000;7.0425000;7.0224000;7.0254000;4277
USDCNY;D;20200223;000000;7.0254000;7.0270000;7.0254000;7.0270000;10
USDCNY;D;20200224;000000;7.0254000;7.0398000;7.0228000;7.0293000;4067
USDCNY;D;20200225;000000;7.0103000;7.0190000;7.0072000;7.0134000;4206
USDCNY;D;20200226;000000;7.0127000;7.0249000;7.0114000;7.0214000;4061
USDCNY;D;20200227;000000;7.0213000;7.0214000;7.0011000;7.0035000;2996
USDCNY;D;20200228;000000;7.0019000;7.0119000;6.9782000;6.9905000;4652
USDCNY;D;20200301;000000;6.9905000;6.9919000;6.9905000;6.9919000;4
USDCNY;D;20200302;000000;6.9725000;6.9762000;6.9501000;6.9594000;5584
USDCNY;D;20200303;000000;6.9594000;6.9831000;6.9553000;6.9578000;5566
USDCNY;D;20200304;000000;6.9400000;6.9503000;6.9196000;6.9245000;5525
USDCNY;D;20200305;000000;6.9243000;6.9436000;6.9243000;6.9367000;3074
USDCNY;D;20200306;000000;6.9419000;6.9577000;6.9237000;6.9290000;4849
USDCNY;D;20200308;000000;6.9299000;6.9320000;6.9297000;6.9320000;4
USDCNY;D;20200309;000000;6.9297000;6.9532000;6.9070000;6.9449000;5301
USDCNY;D;20200310;000000;6.9383000;6.9597000;6.9268000;6.9548000;5268
USDCNY;D;20200311;000000;6.9577000;6.9650000;6.9435000;6.9599000;5120
USDCNY;D;20200312;000000;6.9598000;7.0343000;6.9598000;7.0282000;5189
USDCNY;D;20200313;000000;7.0248000;7.0328000;6.9722000;7.0035000;5005
USDCNY;D;20200315;000000;7.0035000;7.0086000;7.0035000;7.0086000;8
USDCNY;D;20200316;000000;6.9997000;7.0229000;6.9874000;6.9913000;6092
USDCNY;D;20200317;000000;6.9912000;7.0227000;6.9847000;7.0057000;5690
USDCNY;D;20200318;000000;7.0057000;7.0473000;7.0023000;7.0458000;5531
USDCNY;D;20200319;000000;7.0458000;7.1237000;7.0458000;7.1057000;7328
USDCNY;D;20200320;000000;7.1047000;7.1049000;7.0485000;7.0949000;5877
USDCNY;D;20200322;000000;7.0949000;7.0960000;7.0949000;7.0949000;7
USDCNY;D;20200323;000000;7.0949000;7.1215000;7.0764000;7.0899000;13407
USDCNY;D;20200324;000000;7.0899000;7.0910000;7.0566000;7.0611000;14281
USDCNY;D;20200325;000000;7.0609000;7.1152000;7.0476000;7.1123000;5911
USDCNY;D;20200326;000000;7.1098000;7.1199000;7.0659000;7.0710000;4981
USDCNY;D;20200327;000000;7.0708000;7.0967000;7.0529000;7.0941000;4426
USDCNY;D;20200329;000000;7.0942000;7.0962000;7.0941000;7.0941000;10
USDCNY;D;20200330;000000;7.0937000;7.1025000;7.0852000;7.0985000;5519
USDCNY;D;20200331;000000;7.0929000;7.0994000;7.0785000;7.0807000;10066
USDCNY;D;20200401;000000;7.0799000;7.1063000;7.0782000;7.0959000;5315
USDCNY;D;20200405;000000;7.0908000;7.0927000;7.0907000;7.0907000;9
USDCNY;D;20200406;000000;7.0907000;7.0927000;7.0900000;7.0927000;1074
USDCNY;D;20200407;000000;7.0902000;7.0905000;7.0425000;7.0427000;9488
USDCNY;D;20200408;000000;7.0600000;7.0722000;7.0552000;7.0619000;13595
USDCNY;D;20200409;000000;7.0619000;7.0733000;7.0309000;7.0427000;12515
USDCNY;D;20200410;000000;7.0448000;7.0464000;7.0252000;7.0319000;11693
USDCNY;D;20200412;000000;7.0319000;7.0319000;7.0319000;7.0319000;1
USDCNY;D;20200413;000000;7.0319000;7.0559000;7.0319000;7.0500000;3588
USDCNY;D;20200414;000000;7.0500000;7.0624000;7.0385000;7.0461000;3753
USDCNY;D;20200415;000000;7.0449000;7.0679000;7.0442000;7.0663000;6449
USDCNY;D;20200416;000000;7.0663000;7.0826000;7.0663000;7.0774000;5557
USDCNY;D;20200417;000000;7.0777000;7.0820000;7.0640000;7.0710000;4078
USDCNY;D;20200419;000000;7.0710000;7.0730000;7.0710000;7.0710000;24
USDCNY;D;20200420;000000;7.0710000;7.0820000;7.0674000;7.0720000;3874
USDCNY;D;20200421;000000;7.0798000;7.0981000;7.0786000;7.0913000;4337
USDCNY;D;20200422;000000;7.0913000;7.0970000;7.0763000;7.0841000;5012
USDCNY;D;20200423;000000;7.0820000;7.0863000;7.0614000;7.0653000;5747
USDCNY;D;20200424;000000;7.0653000;7.0869000;7.0653000;7.0812000;5262
USDCNY;D;20200426;000000;7.0813000;7.0818000;7.0813000;7.0818000;22
USDCNY;D;20200427;000000;7.0812000;7.0887000;7.0689000;7.0814000;3966
USDCNY;D;20200428;000000;7.0814000;7.0899000;7.0699000;7.0775000;3192
USDCNY;D;20200429;000000;7.0775000;7.0808000;7.0691000;7.0754000;4158
USDCNY;D;20200430;000000;7.0754000;7.0754000;7.0455000;7.0599000;4241
USDCNY;D;20200501;000000;7.0599000;7.0601000;7.0599000;7.0601000;1062
USDCNY;D;20200503;000000;7.0601000;7.0621000;7.0600000;7.0601000;12
USDCNY;D;20200504;000000;7.0601000;7.0621000;7.0600000;7.0600000;1075
USDCNY;D;20200505;000000;7.0601000;7.0621000;7.0600000;7.0601000;1073
USDCNY;D;20200506;000000;7.0979000;7.1049000;7.0852000;7.1031000;4279
USDCNY;D;20200507;000000;7.1030000;7.1070000;7.0823000;7.0824000;3864
USDCNY;D;20200508;000000;7.0732000;7.0800000;7.0678000;7.0731000;4578
USDCNY;D;20200510;000000;7.0731000;7.0741000;7.0731000;7.0741000;18
USDCNY;D;20200511;000000;7.0747000;7.0991000;7.0698000;7.0971000;3596
USDCNY;D;20200512;000000;7.0971000;7.0993000;7.0779000;7.0815000;3345
USDCNY;D;20200513;000000;7.0815000;7.0958000;7.0814000;7.0910000;6710
USDCNY;D;20200514;000000;7.0910000;7.1024000;7.0910000;7.0934000;2257
USDCNY;D;20200515;000000;7.0947000;7.1062000;7.0931000;7.1012000;4093
USDCNY;D;20200517;000000;7.1012000;7.1021000;7.1012000;7.1012000;10
USDCNY;D;20200518;000000;7.1048000;7.1191000;7.1003000;7.1080000;4956
USDCNY;D;20200519;000000;7.1085000;7.1122000;7.0961000;7.0980000;5270
USDCNY;D;20200520;000000;7.0986000;7.1091000;7.0885000;7.0885000;4626
USDCNY;D;20200521;000000;7.0928000;7.1152000;7.0911000;7.1139000;5707
USDCNY;D;20200522;000000;7.1138000;7.1435000;7.1122000;7.1256000;7075
USDCNY;D;20200524;000000;7.1280000;7.1304000;7.1256000;7.1256000;17
USDCNY;D;20200525;000000;7.1256000;7.1426000;7.1256000;7.1359000;3327
USDCNY;D;20200526;000000;7.1325000;7.1381000;7.1248000;7.1349000;4194
USDCNY;D;20200527;000000;7.1341000;7.1765000;7.1329000;7.1681000;4311
USDCNY;D;20200528;000000;7.1681000;7.1681000;7.1430000;7.1448000;3243
USDCNY;D;20200529;000000;7.1570000;7.1571000;7.1297000;7.1340000;4777
USDCNY;D;20200531;000000;7.1340000;7.1372000;7.1340000;7.1348000;9
USDCNY;D;20200601;000000;7.1120000;7.1390000;7.1097000;7.1263000;3905
USDCNY;D;20200602;000000;7.1263000;7.1263000;7.0951000;7.0992000;4064
USDCNY;D;20200603;000000;7.0992000;7.1256000;7.0897000;7.1133000;3541
USDCNY;D;20200604;000000;7.1178000;7.1299000;7.1030000;7.1076000;3419
USDCNY;D;20200605;000000;7.1076000;7.1144000;7.0788000;7.0808000;4010
USDCNY;D;20200607;000000;7.0808000;7.0819000;7.0808000;7.0819000;11
USDCNY;D;20200608;000000;7.0808000;7.0904000;7.0677000;7.0701000;3297
USDCNY;D;20200609;000000;7.0701000;7.0906000;7.0676000;7.0765000;4074
USDCNY;D;20200610;000000;7.0765000;7.0839000;7.0553000;7.0599000;4324
USDCNY;D;20200611;000000;7.0599000;7.0747000;7.0541000;7.0649000;4804
USDCNY;D;20200612;000000;7.0640000;7.0880000;7.0640000;7.0805000;3987
USDCNY;D;20200614;000000;7.0809000;7.0833000;7.0809000;7.0809000;6
USDCNY;D;20200615;000000;7.0805000;7.0980000;7.0805000;7.0886000;2944
USDCNY;D;20200616;000000;7.0729000;7.0865000;7.0673000;7.0855000;3113
USDCNY;D;20200617;000000;7.0855000;7.0964000;7.0825000;7.0854000;2964
USDCNY;D;20200618;000000;7.0905000;7.0928000;7.0693000;7.0883000;3188
USDCNY;D;20200619;000000;7.0883000;7.0912000;7.0700000;7.0704000;2266
USDCNY;D;20200621;000000;7.0704000;7.0722000;7.0704000;7.0704000;11
USDCNY;D;20200622;000000;7.0794000;7.0813000;7.0653000;7.0678000;3020
USDCNY;D;20200623;000000;7.0659000;7.0880000;7.0554000;7.0576000;2399
USDCNY;D;20200624;000000;7.0576000;7.0781000;7.0504000;7.0770000;7446
USDCNY;D;20200625;000000;7.0770000;7.0781000;7.0770000;7.0770000;1082
USDCNY;D;20200626;000000;7.0770000;7.0770000;7.0770000;7.0770000;1084
USDCNY;D;20200628;000000;7.0770000;7.0781000;7.0770000;7.0770000;15
USDCNY;D;20200629;000000;7.0819000;7.0819000;7.0706000;7.0794000;3052
USDCNY;D;20200630;000000;7.0794000;7.0794000;7.0610000;7.0650000;3343
USDCNY;D;20200701;000000;7.0650000;7.0715000;7.0580000;7.0704000;2629
USDCNY;D;20200702;000000;7.0704000;7.0704000;7.0593000;7.0660000;3531
USDCNY;D;20200703;000000;7.0660000;7.0695000;7.0588000;7.0656000;3914
USDCNY;D;20200705;000000;7.0656000;7.0663000;7.0656000;7.0663000;10
USDCNY;D;20200706;000000;7.0624000;7.0632000;7.0123000;7.0138000;3490
USDCNY;D;20200707;000000;7.0054000;7.0255000;7.0015000;7.0127000;6527
USDCNY;D;20200708;000000;7.0127000;7.0237000;6.9999000;7.0041000;12989
USDCNY;D;20200709;000000;6.9959000;7.0000000;6.9775000;6.9924000;7812
USDCNY;D;20200710;000000;6.9923000;7.0120000;6.9923000;6.9980000;3075
USDCNY;D;20200712;000000;6.9980000;7.0018000;6.9980000;6.9980000;18
USDCNY;D;20200713;000000;6.9990000;7.0046000;6.9925000;6.9959000;1835
USDCNY;D;20200714;000000;7.0112000;7.0191000;7.0007000;7.0061000;2342
USDCNY;D;20200715;000000;6.9924000;7.0060000;6.9819000;6.9886000;3937
USDCNY;D;20200716;000000;6.9885000;7.0015000;6.9823000;6.9892000;2867
USDCNY;D;20200717;000000;6.9881000;7.0041000;6.9881000;6.9912000;9114
USDCNY;D;20200719;000000;6.9912000;6.9923000;6.9912000;6.9912000;17
USDCNY;D;20200720;000000;6.9912000;7.0009000;6.9809000;6.9836000;10977
USDCNY;D;20200721;000000;6.9829000;6.9953000;6.9783000;6.9800000;5250
USDCNY;D;20200722;000000;6.9739000;7.0109000;6.9632000;6.9988000;4239
USDCNY;D;20200723;000000;7.0054000;7.0134000;6.9909000;7.0016000;6645
USDCNY;D;20200724;000000;7.0034000;7.0232000;7.0002000;7.0140000;12351
USDCNY;D;20200726;000000;7.0140000;7.0169000;7.0140000;7.0140000;20
USDCNY;D;20200727;000000;7.0140000;7.0140000;6.9943000;6.9950000;3634
USDCNY;D;20200728;000000;6.9950000;7.0095000;6.9867000;6.9998000;3674
USDCNY;D;20200729;000000;6.9998000;7.0051000;6.9919000;7.0014000;10216
USDCNY;D;20200730;000000;6.9950000;7.0087000;6.9917000;7.0080000;3756
USDCNY;D;20200731;000000;7.0080000;7.0080000;6.9694000;6.9744000;3655
USDCNY;D;20200802;000000;6.9744000;6.9751000;6.9744000;6.9744000;18
USDCNY;D;20200803;000000;6.9744000;6.9846000;6.9671000;6.9800000;3211
USDCNY;D;20200804;000000;6.9799000;6.9864000;6.9697000;6.9720000;4289
USDCNY;D;20200805;000000;6.9720000;6.9720000;6.9349000;6.9353000;12541
USDCNY;D;20200806;000000;6.9351000;6.9534000;6.9334000;6.9520000;5059
USDCNY;D;20200807;000000;6.9549000;6.9733000;6.9515000;6.9670000;3824
USDCNY;D;20200809;000000;6.9670000;6.9679000;6.9670000;6.9670000;11
USDCNY;D;20200810;000000;6.9643000;6.9720000;6.9556000;6.9611000;3260
USDCNY;D;20200811;000000;6.9611000;6.9611000;6.9376000;6.9413000;3662
USDCNY;D;20200812;000000;6.9413000;6.9569000;6.9319000;6.9363000;4295
USDCNY;D;20200813;000000;6.9308000;6.9469000;6.9301000;6.9440000;2028
USDCNY;D;20200814;000000;6.9452000;6.9530000;6.9388000;6.9501000;7701
USDCNY;D;20200816;000000;6.9501000;6.9503000;6.9501000;6.9501000;15
USDCNY;D;20200817;000000;6.9501000;6.9501000;6.9284000;6.9318000;4014
USDCNY;D;20200818;000000;6.9318000;6.9347000;6.9091000;6.9215000;5097
USDCNY;D;20200819;000000;6.9215000;6.9231000;6.9033000;6.9192000;4232
USDCNY;D;20200820;000000;6.9192000;6.9284000;6.9121000;6.9143000;3513
USDCNY;D;20200821;000000;6.9143000;6.9244000;6.8985000;6.9179000;4621
USDCNY;D;20200823;000000;6.9179000;6.9194000;6.9179000;6.9194000;10
USDCNY;D;20200824;000000;6.9179000;6.9205000;6.9098000;6.9180000;3455
USDCNY;D;20200825;000000;6.9080000;6.9151000;6.9063000;6.9116000;3444
USDCNY;D;20200826;000000;6.9060000;6.9061000;6.8855000;6.8855000;3634
USDCNY;D;20200827;000000;6.8869000;6.8951000;6.8733000;6.8936000;3541
USDCNY;D;20200828;000000;6.8849000;6.8859000;6.8604000;6.8647000;3360
USDCNY;D;20200830;000000;6.8647000;6.8653000;6.8647000;6.8647000;17
USDCNY;D;20200831;000000;6.8603000;6.8647000;6.8407000;6.8474000;4110
USDCNY;D;20200901;000000;6.8474000;6.8474000;6.8105000;6.8272000;4296
USDCNY;D;20200902;000000;6.8272000;6.8386000;6.8213000;6.8375000;4949
USDCNY;D;20200903;000000;6.8373000;6.8475000;6.8235000;6.8435000;5360
USDCNY;D;20200904;000000;6.8398000;6.8465000;6.8330000;6.8409000;5379
USDCNY;D;20200906;000000;6.8409000;6.8424000;6.8409000;6.8409000;18
USDCNY;D;20200907;000000;6.8409000;6.8409000;6.8260000;6.8300000;3549
USDCNY;D;20200908;000000;6.8295000;6.8509000;6.8277000;6.8435000;2347
USDCNY;D;20200909;000000;6.8435000;6.8559000;6.8298000;6.8332000;4799
USDCNY;D;20200910;000000;6.8318000;6.8424000;6.8250000;6.8335000;4850
USDCNY;D;20200911;000000;6.8335000;6.8390000;6.8310000;6.8330000;4708
USDCNY;D;20200913;000000;6.8330000;6.8343000;6.8330000;6.8330000;20
USDCNY;D;20200914;000000;6.8239000;6.8326000;6.8080000;6.8080000;10786
USDCNY;D;20200915;000000;6.8080000;6.8080000;6.7678000;6.7819000;13518
USDCNY;D;20200916;000000;6.7801000;6.7801000;6.7529000;6.7529000;13958
USDCNY;D;20200917;000000;6.7499000;6.7797000;6.7499000;6.7628000;9615
USDCNY;D;20200918;000000;6.7503000;6.7760000;6.7503000;6.7675000;8740
USDCNY;D;20200920;000000;6.7675000;6.7692000;6.7675000;6.7675000;22
USDCNY;D;20200921;000000;6.7616000;6.8051000;6.7565000;6.8043000;11315
USDCNY;D;20200922;000000;6.8043000;6.8043000;6.7709000;6.7779000;10410
USDCNY;D;20200923;000000;6.7919000;6.8120000;6.7847000;6.8065000;8874
USDCNY;D;20200924;000000;6.8088000;6.8324000;6.8087000;6.8273000;3163
USDCNY;D;20200925;000000;6.8088000;6.8324000;6.8088000;6.8220000;9518
USDCNY;D;20200927;000000;6.8220000;6.8237000;6.8220000;6.8220000;17
USDCNY;D;20200928;000000;6.8220000;6.8274000;6.8090000;6.8106000;8552
USDCNY;D;20200929;000000;6.8213000;6.8269000;6.8087000;6.8163000;12693
USDCNY;D;20200930;000000;6.8150000;6.8167000;6.7850000;6.7896000;7017
USDCNY;D;20201001;000000;6.7898000;6.7907000;6.7895000;6.7907000;1075
USDCNY;D;20201002;000000;6.7898000;6.7898000;6.7896000;6.7898000;1069
USDCNY;D;20201004;000000;6.7898000;6.7907000;6.7896000;6.7898000;13
USDCNY;D;20201005;000000;6.7898000;6.7907000;6.7896000;6.7898000;1070
USDCNY;D;20201006;000000;6.7898000;6.7907000;6.7896000;6.7898000;1071
USDCNY;D;20201007;000000;6.7898000;6.7907000;6.7895000;6.7898000;1075
USDCNY;D;20201008;000000;6.7898000;6.7907000;6.7896000;6.7898000;1072
USDCNY;D;20201009;000000;6.7898000;6.7898000;6.6929000;6.6933000;2338
USDCNY;D;20201011;000000;6.6933000;6.6946000;6.6933000;6.6933000;21
USDCNY;D;20201012;000000;6.6933000;6.7539000;6.6933000;6.7451000;11114
USDCNY;D;20201013;000000;6.7451000;6.7603000;6.7310000;6.7452000;10938
USDCNY;D;20201014;000000;6.7452000;6.7473000;6.7087000;6.7136000;10610
USDCNY;D;20201015;000000;6.7150000;6.7346000;6.7133000;6.7275000;10830
USDCNY;D;20201016;000000;6.7233000;6.7251000;6.6930000;6.6962000;3329
USDCNY;D;20201018;000000;6.6962000;6.6998000;6.6962000;6.6962000;11
USDCNY;D;20201019;000000;6.6962000;6.7030000;6.6800000;6.6803000;9535
USDCNY;D;20201020;000000;6.6803000;6.6936000;6.6554000;6.6754000;4157
USDCNY;D;20201021;000000;6.6754000;6.6754000;6.6402000;6.6509000;12459
USDCNY;D;20201022;000000;6.6450000;6.6885000;6.6450000;6.6844000;2596
USDCNY;D;20201023;000000;6.6754000;6.6925000;6.6641000;6.6843000;14128
USDCNY;D;20201025;000000;6.6843000;6.6867000;6.6843000;6.6843000;29
USDCNY;D;20201026;000000;6.6805000;6.7136000;6.6769000;6.7119000;14940
USDCNY;D;20201027;000000;6.7020000;6.7241000;6.6954000;6.7054000;16078
USDCNY;D;20201028;000000;6.7140000;6.7299000;6.7059000;6.7289000;14666
USDCNY;D;20201029;000000;6.7220000;6.7231000;6.7010000;6.7140000;16581
USDCNY;D;20201030;000000;6.7039000;6.7039000;6.6787000;6.6919000;12286
USDCNY;D;20201101;000000;6.6919000;6.6926000;6.6919000;6.6926000;24
USDCNY;D;20201102;000000;6.6919000;6.7003000;6.6800000;6.6899000;16649
USDCNY;D;20201103;000000;6.6899000;6.6967000;6.6758000;6.6758000;10599
USDCNY;D;20201104;000000;6.6759000;6.7490000;6.6480000;6.6510000;12868
USDCNY;D;20201105;000000;6.6379000;6.6620000;6.6023000;6.6027000;12682
USDCNY;D;20201106;000000;6.6027000;6.6367000;6.6027000;6.6080000;7283
USDCNY;D;20201108;000000;6.6080000;6.6090000;6.6080000;6.6080000;12
USDCNY;D;20201109;000000;6.5899000;6.6296000;6.5613000;6.6280000;7611
USDCNY;D;20201110;000000;6.6280000;6.6280000;6.5960000;6.6137000;16406
USDCNY;D;20201111;000000;6.6050000;6.6317000;6.5907000;6.6309000;2327
USDCNY;D;20201112;000000;6.6301000;6.6332000;6.6093000;6.6114000;15761
USDCNY;D;20201113;000000;6.6150000;6.6261000;6.6029000;6.6039000;3641
USDCNY;D;20201115;000000;6.6039000;6.6064000;6.6039000;6.6039000;14
USDCNY;D;20201116;000000;6.6039000;6.6039000;6.5681000;6.5847000;11946
USDCNY;D;20201117;000000;6.5835000;6.5835000;6.5446000;6.5558000;10317
USDCNY;D;20201118;000000;6.5556000;6.5638000;6.5373000;6.5588000;9860
USDCNY;D;20201119;000000;6.5588000;6.5911000;6.5588000;6.5834000;11618
USDCNY;D;20201120;000000;6.5789000;6.5814000;6.5578000;6.5608000;4711
USDCNY;D;20201122;000000;6.5608000;6.5629000;6.5608000;6.5608000;12
USDCNY;D;20201123;000000;6.5519000;6.5850000;6.5519000;6.5850000;3144
USDCNY;D;20201124;000000;6.5755000;6.5925000;6.5727000;6.5900000;9114
USDCNY;D;20201125;000000;6.5900000;6.5900000;6.5711000;6.5765000;9702
USDCNY;D;20201126;000000;6.5750000;6.5768000;6.5613000;6.5755000;9760
USDCNY;D;20201127;000000;6.5719000;6.5842000;6.5705000;6.5738000;11460
USDCNY;D;20201129;000000;6.5738000;6.5768000;6.5738000;6.5738000;19
USDCNY;D;20201130;000000;6.5738000;6.5941000;6.5697000;6.5764000;3258
USDCNY;D;20201201;000000;6.5800000;6.5865000;6.5597000;6.5705000;10622
USDCNY;D;20201202;000000;6.5705000;6.5705000;6.5509000;6.5622000;4838
USDCNY;D;20201203;000000;6.5622000;6.5641000;6.5407000;6.5418000;9088
USDCNY;D;20201204;000000;6.5390000;6.5521000;6.5254000;6.5301000;11553
USDCNY;D;20201206;000000;6.5301000;6.5315000;6.5301000;6.5301000;13
USDCNY;D;20201207;000000;6.5260000;6.5426000;6.5260000;6.5297000;12465
USDCNY;D;20201208;000000;6.5326000;6.5390000;6.5188000;6.5307000;11661
USDCNY;D;20201209;000000;6.5307000;6.5448000;6.5179000;6.5434000;4088
USDCNY;D;20201210;000000;6.5410000;6.5523000;6.5381000;6.5435000;3965
USDCNY;D;20201211;000000;6.5435000;6.5482000;6.5344000;6.5445000;10643
USDCNY;D;20201213;000000;6.5445000;6.5462000;6.5445000;6.5462000;190
USDCNY;D;20201214;000000;6.5462000;6.5495000;6.5310000;6.5483000;3831
USDCNY;D;20201215;000000;6.5483000;6.5561000;6.5373000;6.5393000;12171
USDCNY;D;20201216;000000;6.5393000;6.5457000;6.5226000;6.5323000;13087
USDCNY;D;20201217;000000;6.5323000;6.5408000;6.5260000;6.5321000;3621
USDCNY;D;20201218;000000;6.5321000;6.5448000;6.5300000;6.5348000;8538
USDCNY;D;20201220;000000;6.5351000;6.5375000;6.5348000;6.5348000;188
USDCNY;D;20201221;000000;6.5348000;6.5546000;6.5348000;6.5467000;12260
USDCNY;D;20201222;000000;6.5467000;6.5535000;6.5377000;6.5426000;14940
USDCNY;D;20201223;000000;6.5426000;6.5549000;6.5314000;6.5406000;7190
USDCNY;D;20201224;000000;6.5406000;6.5406000;6.5251000;6.5300000;15976
USDCNY;D;20201225;000000;6.5300000;6.5435000;6.5196000;6.5425000;10482
USDCNY;D;20201227;000000;6.5408000;6.5417000;6.5408000;6.5417000;200
USDCNY;D;20201228;000000;6.5417000;6.5429000;6.5279000;6.5346000;14598
USDCNY;D;20201229;000000;6.5346000;6.5369000;6.5251000;6.5300000;15458
USDCNY;D;20201230;000000;6.5300000;6.5364000;6.5195000;6.5232000;7999
USDCNY;D;20201231;000000;6.5232000;6.5559000;6.5146000;6.5250000;3865
USDCNY;D;20210101;000000;6.5250000;6.5260000;6.5250000;6.5260000;616
USDCNY;D;20210103;000000;6.5250000;6.5266000;6.5250000;6.5250000;12
USDCNY;D;20210104;000000;6.5149000;6.5150000;6.4547000;6.4601000;23030
USDCNY;D;20210105;000000;6.4601000;6.4672000;6.4284000;6.4550000;18373
USDCNY;D;20210106;000000;6.4550000;6.4632000;6.4495000;6.4628000;7328
USDCNY;D;20210107;000000;6.4628000;6.4779000;6.4535000;6.4769000;3746
USDCNY;D;20210108;000000;6.4769000;6.4769000;6.4602000;6.4750000;4981
USDCNY;D;20210110;000000;6.4750000;6.4754000;6.4750000;6.4750000;191
USDCNY;D;20210111;000000;6.4750000;6.4921000;6.4688000;6.4795000;4485
USDCNY;D;20210112;000000;6.4795000;6.4795000;6.4569000;6.4610000;7407
USDCNY;D;20210113;000000;6.4610000;6.4711000;6.4481000;6.4677000;12183
USDCNY;D;20210114;000000;6.4677000;6.4756000;6.4618000;6.4744000;8313
USDCNY;D;20210115;000000;6.4744000;6.4800000;6.4637000;6.4800000;10311
USDCNY;D;20210117;000000;6.4782000;6.4808000;6.4782000;6.4800000;196
USDCNY;D;20210118;000000;6.4800000;6.4960000;6.4760000;6.4902000;15213
USDCNY;D;20210119;000000;6.4902000;6.4921000;6.4760000;6.4777000;14821
USDCNY;D;20210120;000000;6.4777000;6.4777000;6.4609000;6.4650000;18938
USDCNY;D;20210121;000000;6.4650000;6.4656000;6.4554000;6.4619000;14356
USDCNY;D;20210122;000000;6.4619000;6.4850000;6.4595000;6.4810000;12350
USDCNY;D;20210124;000000;6.4810000;6.4818000;6.4810000;6.4810000;199
USDCNY;D;20210125;000000;6.4810000;6.4862000;6.4702000;6.4784000;15910
USDCNY;D;20210126;000000;6.4784000;6.4784000;6.4597000;6.4635000;8140
USDCNY;D;20210127;000000;6.4635000;6.4857000;6.4563000;6.4712000;9348
USDCNY;D;20210128;000000;6.4712000;6.4934000;6.4452000;6.4495000;15152
USDCNY;D;20210129;000000;6.4495000;6.4666000;6.4197000;6.4255000;8887
USDCNY;D;20210131;000000;6.4253000;6.4277000;6.4250000;6.4250000;188
USDCNY;D;20210201;000000;6.4250000;6.4693000;6.4250000;6.4669000;15105
USDCNY;D;20210202;000000;6.4669000;6.4669000;6.4451000;6.4551000;14528
USDCNY;D;20210203;000000;6.4551000;6.4625000;6.4530000;6.4601000;11556
USDCNY;D;20210204;000000;6.4601000;6.4717000;6.4547000;6.4715000;2731
USDCNY;D;20210205;000000;6.4715000;6.4810000;6.4578000;6.4664000;6078
USDCNY;D;20210207;000000;6.4664000;6.4666000;6.4664000;6.4666000;8
USDCNY;D;20210208;000000;6.4600000;6.4610000;6.4440000;6.4475000;5307
USDCNY;D;20210209;000000;6.4475000;6.4531000;6.4291000;6.4340000;3395
USDCNY;D;20210210;000000;6.4340000;6.4581000;6.4310000;6.4442000;2644
USDCNY;D;20210211;000000;6.4442000;6.4581000;6.4442000;6.4581000;1375
USDCNY;D;20210212;000000;6.4581000;6.4581000;6.4542000;6.4542000;1290
USDCNY;D;20210214;000000;6.4542000;6.4581000;6.4542000;6.4542000;194
USDCNY;D;20210215;000000;6.4542000;6.4581000;6.4542000;6.4542000;1669
USDCNY;D;20210216;000000;6.4542000;6.4581000;6.4540000;6.4581000;1670
USDCNY;D;20210217;000000;6.4581000;6.4581000;6.4540000;6.4576000;1672
USDCNY;D;20210218;000000;6.4576000;6.4881000;6.4437000;6.4869000;15652
USDCNY;D;20210219;000000;6.4869000;6.4869000;6.4511000;6.4547000;8817
USDCNY;D;20210221;000000;6.4555000;6.4576000;6.4555000;6.4576000;14
USDCNY;D;20210222;000000;6.4574000;6.4692000;6.4562000;6.4647000;15081
USDCNY;D;20210223;000000;6.4647000;6.4688000;6.4523000;6.4640000;8536
USDCNY;D;20210224;000000;6.4640000;6.4640000;6.4441000;6.4556000;4953
USDCNY;D;20210225;000000;6.4556000;6.4569000;6.4443000;6.4541000;11172
USDCNY;D;20210226;000000;6.4802000;6.4816000;6.4540000;6.4730000;4202
USDCNY;D;20210228;000000;6.4730000;6.4750000;6.4730000;6.4750000;7
USDCNY;D;20210301;000000;6.4654000;6.4694000;6.4557000;6.4648000;16264
USDCNY;D;20210302;000000;6.4648000;6.4751000;6.4646000;6.4713000;12031
USDCNY;D;20210303;000000;6.4713000;6.4720000;6.4542000;6.4675000;10935
USDCNY;D;20210304;000000;6.4675000;6.4716000;6.4632000;6.4694000;10911
USDCNY;D;20210305;000000;6.4694000;6.4985000;6.4677000;6.4960000;11513
USDCNY;D;20210307;000000;6.4960000;6.4967000;6.4960000;6.4967000;23
USDCNY;D;20210308;000000;6.4980000;6.5312000;6.4903000;6.5250000;37374
USDCNY;D;20210309;000000;6.5250000;6.5439000;6.5008000;6.5066000;14326
USDCNY;D;20210310;000000;6.5066000;6.5173000;6.4983000;6.5050000;4549
USDCNY;D;20210311;000000;6.5050000;6.5050000;6.4799000;6.4932000;4396
USDCNY;D;20210312;000000;6.4932000;6.5081000;6.4758000;6.5081000;4337
USDCNY;D;20210314;000000;6.5081000;6.5084000;6.5081000;6.5081000;216
USDCNY;D;20210315;000000;6.5081000;6.5103000;6.4930000;6.4996000;4280
USDCNY;D;20210316;000000;6.4996000;6.5058000;6.4922000;6.5052000;4303
USDCNY;D;20210317;000000;6.5052000;6.5075000;6.4968000;6.5030000;4314
USDCNY;D;20210318;000000;6.5030000;6.5107000;6.4888000;6.5054000;4868
USDCNY;D;20210319;000000;6.5054000;6.5181000;6.4989000;6.5070000;4980
USDCNY;D;20210321;000000;6.5070000;6.5089000;6.5070000;6.5070000;196
USDCNY;D;20210322;000000;6.5070000;6.5122000;6.5043000;6.5070000;3050
USDCNY;D;20210323;000000;6.5070000;6.5172000;6.5051000;6.5160000;3790
USDCNY;D;20210324;000000;6.5160000;6.5265000;6.5152000;6.5230000;3610
USDCNY;D;20210325;000000;6.5230000;6.5463000;6.5230000;6.5388000;4360
USDCNY;D;20210326;000000;6.5388000;6.5460000;6.5350000;6.5412000;4251
USDCNY;D;20210328;000000;6.5412000;6.5414000;6.5412000;6.5414000;215
USDCNY;D;20210329;000000;6.5414000;6.5721000;6.5395000;6.5678000;4435
USDCNY;D;20210330;000000;6.5678000;6.5791000;6.5605000;6.5716000;4590
USDCNY;D;20210331;000000;6.5716000;6.5716000;6.5421000;6.5526000;4392
USDCNY;D;20210401;000000;6.5526000;6.5774000;6.5526000;6.5645000;4416
USDCNY;D;20210402;000000;6.5645000;6.5680000;6.5557000;6.5646000;4007
USDCNY;D;20210404;000000;6.5646000;6.5646000;6.5646000;6.5646000;184
USDCNY;D;20210405;000000;6.5646000;6.5670000;6.5646000;6.5646000;1670
USDCNY;D;20210406;000000;6.5646000;6.5646000;6.5370000;6.5370000;4287
USDCNY;D;20210407;000000;6.5370000;6.5460000;6.5344000;6.5415000;4627
USDCNY;D;20210408;000000;6.5415000;6.5521000;6.5415000;6.5505000;4078
USDCNY;D;20210409;000000;6.5505000;6.5614000;6.5438000;6.5522000;2922
USDCNY;D;20210411;000000;6.5522000;6.5529000;6.5522000;6.5522000;195
USDCNY;D;20210412;000000;6.5522000;6.5598000;6.5408000;6.5443000;3518
USDCNY;D;20210413;000000;6.5443000;6.5530000;6.5391000;6.5431000;3821
USDCNY;D;20210414;000000;6.5431000;6.5431000;6.5253000;6.5292000;3759
USDCNY;D;20210415;000000;6.5292000;6.5410000;6.5180000;6.5220000;4063
USDCNY;D;20210416;000000;6.5220000;6.5338000;6.5162000;6.5203000;2455
USDCNY;D;20210418;000000;6.5203000;6.5209000;6.5203000;6.5203000;199
USDCNY;D;20210419;000000;6.5203000;6.5313000;6.5026000;6.5085000;3870
USDCNY;D;20210420;000000;6.5085000;6.5087000;6.4892000;6.4981000;4145
USDCNY;D;20210421;000000;6.4981000;6.5018000;6.4862000;6.4903000;4083
USDCNY;D;20210422;000000;6.4903000;6.4938000;6.4801000;6.4913000;4137
USDCNY;D;20210423;000000;6.4913000;6.4993000;6.4879000;6.4945000;4777
USDCNY;D;20210425;000000;6.4945000;6.4953000;6.4945000;6.4945000;82
USDCNY;D;20210426;000000;6.4945000;6.4945000;6.4804000;6.4844000;4177
USDCNY;D;20210427;000000;6.4844000;6.4902000;6.4774000;6.4830000;4659
USDCNY;D;20210428;000000;6.4830000;6.4901000;6.4768000;6.4771000;4331
USDCNY;D;20210429;000000;6.4771000;6.4777000;6.4649000;6.4721000;2801
USDCNY;D;20210430;000000;6.4721000;6.4761000;6.4611000;6.4730000;3961
USDCNY;D;20210502;000000;6.4734000;6.4734000;6.4730000;6.4730000;77
USDCNY;D;20210503;000000;6.4730000;6.4745000;6.4720000;6.4730000;1566
USDCNY;D;20210504;000000;6.4730000;6.4734000;6.4730000;6.4730000;1559
USDCNY;D;20210505;000000;6.4730000;6.4745000;6.4730000;6.4730000;1576
USDCNY;D;20210506;000000;6.4730000;6.4832000;6.4597000;6.4598000;3322
USDCNY;D;20210507;000000;6.4598000;6.4661000;6.4290000;6.4310000;4220
USDCNY;D;20210509;000000;6.4310000;6.4324000;6.4310000;6.4310000;79
USDCNY;D;20210510;000000;6.4310000;6.4341000;6.4064000;6.4156000;4285
USDCNY;D;20210511;000000;6.4156000;6.4325000;6.4156000;6.4285000;4509
USDCNY;D;20210512;000000;6.4285000;6.4570000;6.4270000;6.4566000;4500
USDCNY;D;20210513;000000;6.4566000;6.4573000;6.4463000;6.4545000;4139
USDCNY;D;20210514;000000;6.4545000;6.4545000;6.4284000;6.4367000;4157
USDCNY;D;20210516;000000;6.4367000;6.4370000;6.4367000;6.4367000;76
USDCNY;D;20210517;000000;6.4367000;6.4437000;6.4332000;6.4391000;4170
USDCNY;D;20210518;000000;6.4391000;6.4391000;6.4155000;6.4250000;4378
USDCNY;D;20210519;000000;6.4250000;6.4390000;6.4202000;6.4349000;4339
USDCNY;D;20210520;000000;6.4349000;6.4426000;6.4292000;6.4339000;3975
USDCNY;D;20210521;000000;6.4339000;6.4366000;6.4252000;6.4339000;4471
USDCNY;D;20210523;000000;6.4339000;6.4341000;6.4339000;6.4339000;88
USDCNY;D;20210524;000000;6.4339000;6.4394000;6.4142000;6.4177000;3561
USDCNY;D;20210525;000000;6.4177000;6.4177000;6.4001000;6.4100000;4848
USDCNY;D;20210526;000000;6.4100000;6.4100000;6.3837000;6.3905000;4941
USDCNY;D;20210527;000000;6.3905000;6.3966000;6.3717000;6.3824000;5187
USDCNY;D;20210528;000000;6.3824000;6.3842000;6.3591000;6.3674000;4722
USDCNY;D;20210530;000000;6.3674000;6.3683000;6.3674000;6.3674000;81
USDCNY;D;20210531;000000;6.3674000;6.3735000;6.3562000;6.3688000;5092
USDCNY;D;20210601;000000;6.3688000;6.3836000;6.3599000;6.3796000;5230
USDCNY;D;20210602;000000;6.3796000;6.3909000;6.3749000;6.3805000;5161
USDCNY;D;20210603;000000;6.3805000;6.4037000;6.3780000;6.4036000;4596
USDCNY;D;20210604;000000;6.4036000;6.4119000;6.3929000;6.3945000;3950
USDCNY;D;20210606;000000;6.3945000;6.3952000;6.3945000;6.3952000;75
USDCNY;D;20210607;000000;6.3952000;6.4027000;6.3924000;6.3963000;3549
USDCNY;D;20210608;000000;6.3963000;6.4004000;6.3877000;6.4000000;8382
USDCNY;D;20210609;000000;6.4000000;6.4000000;6.3795000;6.3865000;14043
USDCNY;D;20210610;000000;6.3865000;6.3951000;6.3802000;6.3929000;13408
USDCNY;D;20210611;000000;6.3929000;6.3980000;6.3822000;6.3967000;9849
USDCNY;D;20210613;000000;6.3980000;6.3987000;6.3980000;6.3987000;79
USDCNY;D;20210614;000000;6.3987000;6.3987000;6.3965000;6.3967000;1557
USDCNY;D;20210615;000000;6.3967000;6.4074000;6.3962000;6.4052000;8459
USDCNY;D;20210616;000000;6.4052000;6.4055000;6.3923000;6.3969000;8318
USDCNY;D;20210617;000000;6.3969000;6.4490000;6.3969000;6.4477000;14556
USDCNY;D;20210618;000000;6.4477000;6.4525000;6.4320000;6.4525000;14434
USDCNY;D;20210620;000000;6.4525000;6.4530000;6.4525000;6.4525000;77
USDCNY;D;20210621;000000;6.4525000;6.4713000;6.4466000;6.4659000;16414
USDCNY;D;20210622;000000;6.4659000;6.4811000;6.4571000;6.4811000;15131
USDCNY;D;20210623;000000;6.4811000;6.4895000;6.4704000;6.4742000;3017
USDCNY;D;20210624;000000;6.4742000;6.4821000;6.4622000;6.4701000;4342
USDCNY;D;20210625;000000;6.4701000;6.4701000;6.4480000;6.4545000;4044
USDCNY;D;20210627;000000;6.4545000;6.4562000;6.4545000;6.4545000;73
USDCNY;D;20210628;000000;6.4545000;6.4647000;6.4513000;6.4559000;8226
USDCNY;D;20210629;000000;6.4559000;6.4675000;6.4527000;6.4635000;10939
USDCNY;D;20210630;000000;6.4635000;6.4635000;6.4512000;6.4566000;12269
USDCNY;D;20210701;000000;6.4566000;6.4689000;6.4566000;6.4679000;14011
USDCNY;D;20210702;000000;6.4679000;6.4846000;6.4670000;6.4721000;15700
USDCNY;D;20210704;000000;6.4721000;6.4730000;6.4721000;6.4721000;81
USDCNY;D;20210705;000000;6.4721000;6.4721000;6.4564000;6.4642000;4026
USDCNY;D;20210706;000000;6.4642000;6.4791000;6.4571000;6.4752000;4069
USDCNY;D;20210707;000000;6.4752000;6.4766000;6.4587000;6.4718000;3685
USDCNY;D;20210708;000000;6.4718000;6.4907000;6.4713000;6.4898000;3908
USDCNY;D;20210709;000000;6.4898000;6.4904000;6.4749000;6.4788000;2918
USDCNY;D;20210711;000000;6.4788000;6.4788000;6.4788000;6.4788000;74
USDCNY;D;20210712;000000;6.4788000;6.4788000;6.4682000;6.4751000;4455
USDCNY;D;20210713;000000;6.4751000;6.4751000;6.4607000;6.4685000;4681
USDCNY;D;20210714;000000;6.4685000;6.4769000;6.4489000;6.4688000;5234
USDCNY;D;20210715;000000;6.4688000;6.4701000;6.4536000;6.4569000;4413
USDCNY;D;20210716;000000;6.4569000;6.4796000;6.4569000;6.4785000;4585
USDCNY;D;20210718;000000;6.4786000;6.4791000;6.4785000;6.4785000;80
USDCNY;D;20210719;000000;6.4785000;6.4910000;6.4750000;6.4893000;5149
USDCNY;D;20210720;000000;6.4893000;6.4896000;6.4773000;6.4845000;2340
USDCNY;D;20210721;000000;6.4845000;6.4845000;6.4635000;6.4679000;5442
USDCNY;D;20210722;000000;6.4679000;6.4706000;6.4603000;6.4699000;5412
USDCNY;D;20210723;000000;6.4699000;6.4815000;6.4655000;6.4808000;4950
USDCNY;D;20210725;000000;6.4808000;6.4813000;6.4808000;6.4808000;88
USDCNY;D;20210726;000000;6.4808000;6.4872000;6.4780000;6.4826000;4099
USDCNY;D;20210727;000000;6.4826000;6.5110000;6.4726000;6.5104000;2858
USDCNY;D;20210728;000000;6.5104000;6.5104000;6.4870000;6.4905000;4282
USDCNY;D;20210729;000000;6.4905000;6.4905000;6.4522000;6.4563000;2654
USDCNY;D;20210730;000000;6.4562000;6.4666000;6.4497000;6.4609000;3793
USDCNY;D;20210801;000000;6.4609000;6.4613000;6.4609000;6.4609000;25
USDCNY;D;20210802;000000;6.4609000;6.4685000;6.4566000;6.4620000;1848
USDCNY;D;20210803;000000;6.4641000;6.4703000;6.4585000;6.4703000;4119
USDCNY;D;20210804;000000;6.4700000;6.4700000;6.4547000;6.4655000;8888
USDCNY;D;20210805;000000;6.4650000;6.4663000;6.4590000;6.4608000;3653
USDCNY;D;20210806;000000;6.4608000;6.4838000;6.4608000;6.4825000;3250
USDCNY;D;20210808;000000;6.4825000;6.4834000;6.4825000;6.4825000;20
USDCNY;D;20210809;000000;6.4825000;6.4881000;6.4717000;6.4862000;3827
USDCNY;D;20210810;000000;6.4820000;6.4861000;6.4760000;6.4852000;3972
USDCNY;D;20210811;000000;6.4852000;6.4881000;6.4740000;6.4791000;3069
USDCNY;D;20210812;000000;6.4783000;6.4807000;6.4699000;6.4790000;2964
USDCNY;D;20210813;000000;6.4782000;6.4836000;6.4737000;6.4768000;2795
USDCNY;D;20210815;000000;6.4768000;6.4773000;6.4768000;6.4773000;22
USDCNY;D;20210816;000000;6.4768000;6.4801000;6.4699000;6.4742000;8171
USDCNY;D;20210817;000000;6.4782000;6.4868000;6.4745000;6.4860000;8631
USDCNY;D;20210818;000000;6.4854000;6.4854000;6.4755000;6.4841000;8285
USDCNY;D;20210819;000000;6.4840000;6.4981000;6.4837000;6.4942000;9724
USDCNY;D;20210820;000000;6.4942000;6.5040000;6.4926000;6.5012000;7974
USDCNY;D;20210822;000000;6.5012000;6.5014000;6.5012000;6.5012000;18
USDCNY;D;20210823;000000;6.5012000;6.5012000;6.4767000;6.4805000;9661
USDCNY;D;20210824;000000;6.4780000;6.4842000;6.4654000;6.4710000;7499
USDCNY;D;20210825;000000;6.4710000;6.4794000;6.4700000;6.4756000;8749
USDCNY;D;20210826;000000;6.4756000;6.4865000;6.4720000;6.4817000;8236
USDCNY;D;20210827;000000;6.4850000;6.4876000;6.4710000;6.4711000;7886
USDCNY;D;20210829;000000;6.4711000;6.4717000;6.4711000;6.4711000;28
USDCNY;D;20210830;000000;6.4641000;6.4711000;6.4620000;6.4658000;4091
USDCNY;D;20210831;000000;6.4659000;6.4718000;6.4523000;6.4606000;3633
USDCNY;D;20210901;000000;6.4604000;6.4691000;6.4575000;6.4586000;3472
